Brand,Lang,Intent Type,Category,Intent,Weight,Answer,Training Data,English,Answer Key
Fun88,TH,system,Common,welcome,1,สวัสดีค่ะ ยินดีต้อนรับเข้าสู่เว็บไซต์ Fun88 ไม่ทราบว่าต้องการให้ช่วยเหลือในเรื่องใดดีคะ,,Welcome,
Fun88,TH,system,Common,welcome,2,สวัสดีค่ะ ยินดีต้อนรับเข้าสู่เว็บไซต์ Fun88 คุณต้องการติดต่อ สอบถาม หรือ แจ้งปัญหาเกี่ยวกับด้านใดคะ,,Welcome,
Fun88,TH,system,Common,ประเมินการบริการ,1,เรียนคุณ ทางเราขอรบกวนกรอกแบบสอบถามเพื่อประเมินการให้บริการหลังจากจบการสนทนาเพราะคำแนะนำของคุณมีประโยชน์อย่างยิ่งต่อการนำไปพัฒนาการบริการและเป็นกำลังใจของเราต่อไปค่ะ,,Survey by feedback,
Fun88,TH,system,Common,สอบถามเพิ่มเติม,1,ต้องการสอบถามข้อมูลส่วนอื่นเพิ่มเติมหรือไม่คะ,,Goodbye,
Fun88,TH,system,Common,จบการสนทนา,2,หากคุณมีข้อสงสัยเพิ่มเติม กรุณาติดต่อฝ่ายบริการลูกค้า เรายินดีให้บริการคุณที่ห้องสนทนาสด หรือไลน์ ID: @fun88th และ อีเมลมาที่ cs.thai@fun88.com สายด่วน (+66) 600 035 187 ได้ทุกวัน ตลอด 24 ชั่วโมงค่ะ ขอบคุณที่ไว้วางใจ เลือกใช้บริการ Fun88 สวัสดีค่ะ,,Goodbye,
Fun88,TH,system,Common,ขอบคุณ,1,ขอบคุณที่ใช้บริการกับเว็บไซต์ Fun88 ค่ะ,,Thank you,
Fun88,TH,system,Common,noanswer,1,ขออภัย ระบบไม่สามารถค้นหาข้อมูลจากรายละเอียดที่สอบถามได้ กรุณาระบุรายละเอียดอีกครั้ง,,Cannot Find Answer,
Fun88,TH,system,Common,noanswer,2,ขออภัย รบกวนระบุรายละเอียดอีกครั้ง,,Cannot Find Answer,
Fun88,TH,system,Common,ชื่ออะไร,1,ชบา ยินดีให้บริการค่ะ,,Chat bot name,
Fun88,TH,system,Common,อายุเท่าไหร่,1,ชบาอายุ 22 ปีแล้วค่ะ,,Chat bot age,
Fun88,TH,system,Common,ชอบสีอะไร,1,ชบาชอบสีขาวและชมพู,,Prefer color,
Fun88,TH,system,Common,กิจกรรมยามว่าง,1,ชบาชอบทำอาหารและออกกำลังกายเป็นที่สุดเลยค่ะ,,Hoobby,
Fun88,TH,User,Common,ไม่พอใจ,1,"ขออภัยในความไม่สะดวก ทางเราจะมีการพัฒนาและปรับปรุงเว็บไซต์อย่างเร่งด่วน เพื่อที่เว็บไซต์สามารถให้บริการคุณได้อย่างเต็มที่ สะดวก และ รวดเร็ว ขอบคุณค่ะ
ข้อมูลเพิ่มเติม คลิก  <intentlink>ข้อมูลทั่วไปเกี่ยวกับเว็บไซต์<intentlink>","รีบปรับปรุงด่วนเลย
ทำไมเว็บคุณปิดบ่อยจัง
เว็บอะไร ห่วยมาก
แย่จริงๆ
เว็บไม่ได้เรื่อง
ให้ทำไงวะ ถึงจะได้
แม่งเข้าไม่ได้
เว็บกาก
เหี้ยจริงๆ
ห่วยแตก
เบื่อมากกับเว็บนี้
แย่เกิ้น
แม่งให้รอทั้งวัน
ไม่คิดจะแก้ไขระบบบ้างหรือไง
แม่งให้รอทั้งวัน
รออย่างเดียวเลย
เว็บคุณทำได้แค่ให้รออย่างเดียวรึ",Unhappy,
Fun88,TH,User,Common,เสียเดิมพัน/โวยวาย,1,"ขออภัยในความไม่สะดวก เนื่องจากเว็บไซต์เป็นเว็บไซต์การเดิมพัน คุณมีโอกาสที่จะชนะ หรือ แพ้ อย่างไรแล้วขอให้คุณโชคดีในการเดิมนะคะ
ข้อมูลเพิ่มเติม คลิก  <intentlink>ข้อมูลทั่วไปเกี่ยวกับเว็บไซต์<intentlink>","เสียตลอดเลย
ขอให้เว็บมึงเจ้ง
ปรับให้กูขนะบ้างเถอะ
ขอชนะบ้างได้ป่ะ
เสียอีกแล้ว
โกงป่าววะ
เมื่อไรจะได้คืนสักที
หมดไปเป็นพันแล้ว
พวกมึงโกงหรอ
ทำไมผมเสีย
เอาตังกูคืนมา
เสียแต่เงิน
เอาแต่ได้นะมึง
เอาให้รวยไปเลยครับ",Lose/Unhappy,
Fun88,TH,User,Common,ข่มขู่,1,"ขอบคุณที่ใช้บริการกับเว็บไซต์ Fun88 รบกวนใช้คำสุภาพในการสนทนา ละเว้นการข่มขู่กับทางเว็บไซต์ เพื่อรักษาประสิทธิภาพในการใช้งานกับเว็บไซต์ Fun88 หากมีปัญหาติดขัดประการใด รบกวนติดต่อเจ้าหน้าได้ตลอด 24 ชั่วโมง
ข้อมูลเพิ่มเติม คลิก  <intentlink>ข้อมูลทั่วไปเกี่ยวกับเว็บไซต์<intentlink>","กูจะแจ้งความ
จะเอาเรื่องให้ถึงที่สุด
เอาเรื่องแน่
ร้องเรียนคับ
เสียชื่อเยอะนะ 
แจ้งผบ.ตร.ได้คับ
แจ้งตำรวจนะครับ
ผมจะฟ้อง
แล้วเดี๋ยวเจอกัน
เดี๋ยวรุ้เรื่อง
เจอกันๆ
ถ้าไม่ให้ ก็จะแจ้งความ
ไม่กลัวหรอกเว้ย
ประจานลงเฟสนะ
เดี๋ยวมึงเจอกู
ฟ้องพ่อแน่
คุยกันต่อที่ สน. นะคับ
นี่ใบแจ้งความ
ผมจะไป สน รอดูละกัน
ควยเหอะ
พ่อมึงตาย
พวกมึงโกง กูจะแจ้งความ
กระจอก ใครจะไปเล่นด้วย
เล่นไม่ซื่อนี้หว่า
เรื่องนี้ต้องถึง ลุงตู่",Threaten to Report,
Fun88,TH,User,Website,เว็บไซต์,,"คุณต้องการสอบถามเกี่ยวกับเว็บไซต์ในเรื่องใด
 <intentlink>ขั้นตอนการสมัครคุณ<intentlink>
 <intentlink>ข้อมูลทั่วไปเกี่ยวกับเว็บไซต์<intentlink>
 <intentlink>ไม่สามารถเข้าใช้งานเว็บไซต์ได้<intentlink>
 <intentlink>ตรวจสอบข่าวประกาศ/การปิดปรับปรุงระบบ<intentlink>
 <intentlink>บัญชีถูกปิด<intentlink>
 <intentlink>ลบบัญชี<intentlink>","ถามเกี่ยวกับเว็บไซต์
ถามเกี่ยวกับเว็บ
เว็บไซต์
เว็บFun88
เป็นเว็บอะไร
เว็บไซท์",Website,
Fun88,TH,User,Website,ขั้นตอนการสมัครสมาชิก,1,"1 การลงทะเบียนสมัครสมาชิกสามารถเข้าที่ https://www.fun78.com
2 จากนั้นคลิกที่ ""ลงทะบียนตอนนี้"" 
3 กรอกข้อมูลให้ถูกต้องตามจริงเพราะทุกข้อมูลจะต้องใช้เป็นข้อมูลในการฝากถอนเงินของคุณ
 * อีกหนึ่งช่องทางที่สามารถสมัครคุณได้ เพียงแอดไลน์ ID : @funangel แล้วเลือก ""สมัครสมาชิก""
ข้อมูลเพิ่มเติม คลิก  <intentlink>ข้อมูลทั่วไปเกี่ยวกับเว็บไซต์<intentlink>"," ต้องการสมัครสมาชิก
 สมัครยังไง
 อยากสมัคร
 อยากเล่น
 วิธีสมัคร
 สมัครสมาชิก
 ต้องการสมัครใหม่
 ยังไม่เคยเล่น
 อยากเล่นต้องทำไง
 ลงทะเบียนตรงไหน
 ลงทะเบียนสมาชิกต้องทำไง
 อยากสมัครต้องทำอย่างไร
 จะเล่นเว็บนี้ต้องทำไง
 จะหัดเล่น สมัครยังไง
 บอกวิธีสมัครเว็บหน่อย
 กระจอก",Registeration,
Fun88,TH,User,Website,ข้อมูลทั่วไปเกี่ยวกับเว็บไซต์,1,"เว็บไซต์ FUN88 มีเกมส์ที่หลากหลายภายใต้ 3 ผลิตภัณฑ์หลักๆ อย่างเกมส์กีฬา คาสิโน และหวย
 Fun88 เป็นบริษัทแห่งความบันเทิงและเกมส์การเดิมพันออนไลน์ที่ลงทะเบียนอย่างถูกต้องในปี2552 
 เราได้รับใบอนุญาตและอยู่ในอุตสาหกรรมเกมส์ออนไลน์มาแล้วกว่า 10 ปี 
Fun88 เปิดให้บริการลูกค้าตลอด 24 ชั่วโมง ไม่เว้นวันหยุดค่ะ"," เว็บเกี่ยวกับอะไร
 คือเว็บอะไร
 อยากรู้เกี่ยวกับเว็บไซต์
 ให้บริการอะไรบ้าง
 เว็บนี้ทำเกี่ยวกับอะไร
 เว็บนี้โกงไหม
 เว็บไซต์นี้ปลอดภัยแค่ไหน
 มั่นใจได้ไงว่าไม่โกง
 โกงรึเปล่าวะ",Website information,
Fun88,TH,User,Website,ไม่สามารถเข้าใช้งานเว็บไซต์ได้,1,"แนะนำวิธีการแก้ไขปัญหาเบื้องต้น คลิก
<intentlink>ลบคุ๊กกี้<intentlink>
<intentlink>เปลี่ยนเบราเซอร์<intentlink>","กรณีที่ไม่สามารถเข้าใช้งานเว็บไซต์ได้แก้ไขอย่างไรได้บ้าง
 เข้าไม่ได้
 เข้าหน้าเว็บไม่ได้
 ขึ้นหน้าจอสีฟ้าต้องทำไง
 เข้าไม่ได้ ดูให้หน่อย
 ต้องทำยังไงถึงจะเข้าได้
 เข้าไม่ได้หลายรอบแล้ว
 เข้าใช้งานหน้าหลักไม่ได้
 เว็บเป็นอะไร
 ทำไมเข้าไม่ได้",Unable to access website,
Fun88,TH,User,Website,ตรวจสอบข่าวประกาศ/การปิดปรับปรุงระบบ,1,"1 คุณสามารถตรวจสอบได้ที่หัวข้อ ""ประกาศ""
2 หรือเข้าหน้าเว็บไซต์เลือกที่หัวข้อ ""บัญชี"" จากนั้นเลือกคำว่า""การแจ้งเตือน"" จะแสดงข่าวสาร
 การปิดปรับปรุงระบบและการแจ้งเตือนต่างๆของคุณ"," ข่าวประกาศดูตรงไหน
 แจ้งไว้ที่ไหน
 แจ้งข่าวที่ไหน
 มีข่าวประกาศไหม
 เว็บปิดหรอ
 ปิดปรับปรุงตอนไหนบ้าง
 เปิดใช้งานได้หรือยัง",Announcement checking / Maintenance checking,
Fun88,TH,User,Website,โปรแกรมดาวน์โหลด,1,"Fun88 สามารถติดตั้งได้บนเวอร์ชั่นเดสก์ท็อป แอพพลิเคชั่นบนมือถือทั้งระบบ IOS, Android
 ให้คุณเลือกคำว่า ""เพิ่มเติม"" จากนั้นเลือกที่ ""ดาวน์โหลด"" คลิกเลือกที่เวอร์ชั่นที่ต้องการและเลือกโปรแกรมที่คุณต้องการและทำการดาวน์โหลดติดตั้ง","มีแอพในคอมไหม
 ติดตั้งเวอร์ชั่นคอมยังไง
 โหลดแอพผ่านคอมได้ป่าว
 โปรแกรมผ่านคอมมีไหม
 ติดตั้งลงคอมได้ไหม
 มีเวอร์ชั่นเดสก์ท็อปหรือเปล่า
 ดาวน์โหลดผ่านคอมได้ไหม
 โหลดลงคอมได้ไหม
 ดาวน์โหลดยังไงได้บ้าง
มีแอพไหม
 ติดตั้งแอพยังไง
 โหลดแอพได้ป่าว
 แอพมือถือ
 โหลดแอ๊บผ่านมือถือได้ไหม
 อยากดาวน์โหลด
 ดาวน์โหลดผ่านมือถือทำไง
 ติดตั้งลงบนมือถือได้ไหม
 แอพพลิเคชั่นบนมือถือติดตั้งอย่างไร",Download center,
Fun88,TH,User,Account,ข้อมููลบัญชี,1,"คุณต้องการสอบถามเกี่ยวกับเว็บไซต์ในเรื่องใด
 <intentlink>ยูสเซอร์เนมซ้ำ<intentlink>
 <intentlink>อัพเดทประวัติ<intentlink>
 <intentlink>เปลี่ยนชื่อยูสเซอร์เนม<intentlink>
 <intentlink>ลืมยูสเซอร์เนม<intentlink>
 <intentlink>โปรแกรมดาวน์โหลด<intentlink>
 <intentlink>ไม่สามารถเข้าใช้งานยูสเซอร์เนมได้<intentlink>
 <intentlink>เปลี่ยนชื่อนามสกุล<intentlink>
 <intentlink>ยูสเซอร์เนม หรือ รหัสผ่านไม่ถูกต้อง<intentlink>
 <intentlink>ปลดล็อคการตั้งค่าส่วนตัว<intentlink>
 <intentlink>การตั้งค่าส่วนตัว<intentlink>","บัญชี
ยูสเซอร์
ยูสเซอร์เนม
การตั้งค่า
ปลดล็อค
ล็อค
ตั้งค่า
ตั้งค่าส่วนตัว",Account,
Fun88,TH,User,Account,ยูสเซอร์เนมซ้ำ,1,"กฎระเบียบของทางเว็บไซต์ 1 ชื่อนามสกุล 1 อีเมล 1เบอร์โทร 1 ไอพีแอดเดรส สามารถสมัคใช้งานได้เพียง 1 ยูสเซอร์เนมเท่านั้น
 หากมีการสมัครมาซ้ำกัน จะติดปัญหาในส่วนของการถอนเงิน
ข้อมูลเพิ่มเติม คลิก  <intentlink>ขั้นตอนการสมัครสมาชิก<intentlink>","ยูสเชอร์ถูกระง้บ
ยูเซอโดนระงับ
ทำการเข้าระบบถูกต้องแล้วทำไหมเข้าไม่ได้คับ
ยูซเซอร์ถูกระงับทำไงดีคับ
รบกวนปิดยูสนี้คะแล้วเปิดยูสนี้คะ
ทำไมเข้าระบบไม่ได้ค่ะ
ยูสเซอรโดนระงับทำงัย
ทำไม่รหัสผมถึงโดนระงับคับ
ยุสผมโดนล๊อก
ยูเชอร์ผมโดนล็อก
เข้าระบบไม่ได้อ่ะครับ
ทำไมuser ถูกระงับใช้
ยุสเชอ.........ทำไมเข้าไม่ได้คับ
ยูเชอเเนมถูกระงับการใช้งานไงดีคับ
เปลี่ยนแล้วเข้าไม่ใด้
ถูกระงับได้งัย
มันเข้าไม่ได้อ่ะคับ
เข้าไม่ได้คับ
ทำไมเข้าไม่ได้ครับ
ทำไมถูกระงับ",Duplicate Accounts,
Fun88,TH,User,Account,อัพเดทประวัติ,1,"1. เข้าสู่ระบบ
2. เข้าที่หัวข้อ ""บัญชี"" ด้านขวามือเลือก ""อัพเดทประวัติ""
3. กรอกข้อมูลที่ต้องการเปลี่ยน และกด บันทึก
ข้อมูลเพิ่มเติม คลิก  <intentlink>เปลี่ยนชื่อยูสเซอร์เนม<intentlink>
<intentlink>ลบบัญชี<intentlink>
<intentlink>เปลี่ยนชื่อนามสกุล<intentlink>
<intentlink>การตั้งค่าส่วนตัว<intentlink>
<intentlink>ปลดล็อคการตั้งค่าส่วนตัว<intentlink>
<intentlink>อัพเดทอีเมล<intentlink>
<intentlink>ยืนยันเบอร์โทรศัพท์<intentlink>","เพิ่มข้อมูลส่วนตัวตรงไหน
เพิ่มประวัติส่วนตัวที่ไหนได้
อัพเดทเบอร์โทรยังไง
แก้ไขข้อมูลยังไง
อัพเดทประวัติอยู่ตรงไหนอ่ะ
เปลี่ยนเบอร์ทำไง
เพิ่มที่อยู่ให้หน่อย
แก้ไขที่อยู่ให้ทีคับ
ใส่ข้อมูลส่วนตัวผิด แก้ยังไง
ต้องการแก้ไขข้อมูลตอนลงทะเบียนคับ",How to update account info?,
Fun88,TH,User,Account,เปลี่ยนชื่อยูสเซอร์เนม,1,ชื่อยูสเซอร์เนมไม่สามารถเปลี่ยนแปลงได้หลังจากที่สมัครเรียบร้อยแล้ว,"ทำไมชื่อยูสเปลี่ยนไม่ได้
แก้ไขชื่อยูสเซอร์เนมได้ไหม
เปลี่ยนชื่อตอนลงทะเบียนทำไง
เปลี่ยนชื่อได้ไหมคับ
สมัครแล้วคับ แต่อยากเปลี่ยนชื่อยูสได้ไหม
แก้ไขชื่อที่สมัครได้ไหม
ต้องใช้ชื่อนี้ไปตลอดหรอ
อยากเปลี่ยนชื่อยูสอ่ะ
เปลี่ยนชื่อยูสให้ที
ชื่อ แก้ไขไม่ได้หรอ
ขอเปลี่ยนชื่อยูส
ยูสเซอเนมคืออะไร
ยูสเซอร์เนมเปลี่ยนได้ไหม",How to change username?,
Fun88,TH,User,Account,ลืมยูสเซอร์เนม,1,"คลิกคำว่า ""ลืมรหัสผ่าน"" ด้านขวามือบนของหน้าเว็บไซต์ จากนั้นเลือกที่คำว่า ""ลืมยูสเซอร์เนม"" กรอกอีเมลของคุณจากนั้นชื่อยูสเซอร์เนมจะส่งไปที่อีเมลของคุณค่ะ
ข้อมูลเพิ่มเติม คลิก <intentlink>ลืมอีเมล<intentlink>
<intentlink>อัพเดทอีเมล<intentlink>","ผมลืมยุยเซอเนม
ผมลืมยูเซอร์กับรกัสตับ
พอดีสมัครแล้วลืมรหัสครับ
สมัครไปแล้วแต่ลืมยุสกับรหัสผ่านอ่ะค่ะ
ครับลืมรหัสผ่านกับยุสเสอ์เนมครับ
ผมลืมยูซเซอร์เนมครับ
ลืมยูสเซอร์เข้าเล่นอ่ะคับ
ผมจำuserไม่ได้ต้องทำไง
ลืมยูสเซ่อ
Userผมโดนระงับ
สอบถามลืมยูเชอครับทำไง
ลืมยูสกับพาสเวิส ทำไง
ชื่ิอถูกระงับต้องการเปิดใช่ใหม่
ลอกอินไม่ได้คับ
ถูกระงับการเข้าสู่ระบบต้องทำอย่างไร
ขอยุสเซอหน่อยคับ
ไอดี เข้าไม่ได้
พี่ผมลืมไอดีกับยุสเซอร์
สมัคร​แต่จำไม่ได้ใช่เมล์​กับยูไรค่ะ
ผมอยากสมัครบัญชีใหม่อะคับ จำบัญชี​เก่าไม่ได้",Forgot username,
Fun88,TH,User,Account,บัญชีถูกปิด,1,"เนื่องจากยูสเซอร์ของคุณ ไม่มีการเข้าใช้งานเป็นเวลานานทำให้ยูสเซอร์เนมของคุณไม่สามารถใช้งานได้อีกต่อไป
 กรุณาสมัครยูสเซอร์เนมใหม่อีกครั้งเพื่อเข้าใช้งานกับทางเว็บไซต์ Fun88 <intentlink>ขั้นตอนการสมัครสมาชิก<intentlink>","ทำไมเข้าสู่ระบบไม่ได้
ยุสเซอร์ถูกระงับ
เข้าระบบไม่ได้
ทำไมยูสเซอพี่โดนระงับ
ทำไมบันชีถูกระงับอะครับ
ยูเซอโดนระงับ เพราะอะไรค่ะ
Mana29เข้าเล่นไม้ได้คับ
ไอดีโดนระงับ
สมัครไว้แล้วเข้าไม่ได้
ผมจะเลิกเล่นตั้งแต่วันนี้ไป รบกวนลบยูส
ยูสเซอร์เนมโดนระงับ ทำอย่างไรได้บ้างครับ
ต้องการปิดบัญชีครับ
พี่ครับยูสเชอร์ผมโดนบ็อคครับ
ยูสเชอโดนลงับ
ทำไมเข้าเกมไม่ได้
รบกวนปิดยอดบัญชีให้หน่อยได้ไหมคะ
ปิดบัญชีนี้ได้ป่ะครับ
รบกวน ลบยูชเซอที่ไม่ใช้งานได้ไหมคับ
user โดนระงับ
ทำไมไอดีผมถูกระงับใช้งานหรอครับ",Deactivate Account,
Fun88,TH,User,Account,ลบบัญชี,1,ในส่วนนี้ไม่สามารถดำเนินการได้ แต่คุณสามารถตั้งค่า หรือ จำกัดการเข้าใช้งานของยูสเซอร์เนมให้ไม่สามารถใช้งานได้ถาวรด้วยตนเอง คลิก <intentlink>การตั้งค่าส่วนตัว<intentlink>,"เลิกเล่น ทำยังไง
ปิดถาวรตรงไหน
ปิดการใช้งานให้หน่อยคับ
ต้องการปิดการใช้งาน
อยากเลิกเล่นแล้ว
ไม่อยากเล่นแล้ว
จะไม่เล่นอีกแล้ว
ลบบัญชีผมเลยก็ได้คับ
ปิดยูสไปเลย
ตั้งค่าปิดยูสตรงไหน
จำกัดการเข้าใช้งานผมทีคับ
บล็อก ไปเลยคับ
ปลด ผมออกจากเว็บเลย
เอาผมออก สักอาทิตย์ได้ไหมคับ
ไม่เล่นสัก เดือนนึงได้ไหมคับ
ปิดผม 7 วัน
ให้ผมหยุดเข้าใช้งาน 7 วันนะคับ
จะหยุดเล่นแบบถาวรคับ",Delete Account,
Fun88,TH,User,Account,ไม่สามารถเข้าใช้งานยูสเซอร์เนมได้,1,"หากคุณลืมยูสเซอร์เนม หรือ ลืมรหัสผ่าน คลิก
<intentlink>ลืมรหัสผ่าน<intentlink>
<intentlink>ลืมยูสเซอร์เนม<intentlink>","ตั้งค่ารหัสผ่านใหม่ยังไง
เข้าไม่ได้ ระบบแจ้งเตือน
มันเตือนว่าเข้าเกินจำนวนครั้ง
มันล็อก เข้าไม่ได้
ลืมรหัสทำไง
ขอรหัสผ่านใหม่หน่อย
รหัสผ่านล็อก ขอใหม่
เปลี่ยนรหัสผ่านตรงไหน
ลืมยูสเซอร์เนม
ยูสโดนล็อค อ่ะ
ลืมรหัดผ่าน",Cannot login to account,
Fun88,TH,User,Account,เปลี่ยนชื่อนามสกุล,1,"หากคุณสมัครยูสเซอร์เนมมาในชื่อนามสกุลที่ไม่ถูกต้อง คุณจะไม่สามารถทำการแก้ไขชื่อนามสกุลและทำรายการถอนเงินได้ 
 คุณจะต้องทำการส่งเอกสารเพื่อยืนยันชื่อนามสกุลที่ถูกต้องของคุณ ข้อมูลเพิ่มเติมคลิก
<intentlink>เอกสารยืนยันตัวตน<intentlink>
<intentlink>เอกสารยืนยันชื่อนามสกุล<intentlink>
<intentlink>เอกสารยืนยันชื่อ<intentlink>","ชื่อผิดค่ะ ทำไง
ต้องการแก้ไขชื่อ
นามสกุลผิด แก้ยังไง 
พิมพ์ชื่อผิดตัวหนึ่งแก้ไขยังไง
ตอนสมัครกดผิด
ใส่ชื่อคนอื่นไป แก้ไขยังไง
ตอนสมัครใส่ชื่อแฟนค่ะ
ขอแก้เป็นชื่อตัวเองได้ไหม
จะถอนเงิน ต้องเปลี่ยนเป็นขื่อใคร
ชื่อหนูผิดค่ะ
กรอกชื่อผิดตอนสมัคร
สมัครผิดชื่อค่ะ",Update real name,
Fun88,TH,User,Account,ยูสเซอร์เนม หรือ รหัสผ่านไม่ถูกต้อง,1,"ล็อคอินเข้ายูสเซอร์เนมไม่ได้ คลิก
<intentlink>ไม่สามารถเข้าใช้งานยูสเซอร์เนมได้<intentlink>","เข้าระบบไม่ได้
เข้าระบบแล้วขึ้นไม่ถูกต้อง
เข้าเว็ปยังไง เข้าไม่ได้
ใส่รหัสไม่ถูกทำไง
ทำไง บอกรหัสไม่ถูกต้อง
เข้าแล้ว รหัสไม่ถูก
ลืมรหัสเข้ายุสคับ
ผมเข้าระบบ ไม่ได้
ใส่รหัสยุสเซอผิดเกินจำนวนครั้งคับ
ทำไมผมเข้าระบบ ไม่ได้
ผมลอกอินผิดหลายครัง
เข้าเกมไม่ได้ใส่รหัสเกินอาะค่ะ
ม่สามารถเข้าสู่ระบบบได้เลยค่ะตอนนี้ค่ะรบกวนช่วยตรวจสอบให้ทีนะค
กรอกรหัสผิด ทำไงดี
อันนี้ผมเข้าระบบเกินจำนวนครั้ง
เข้ารหัสไม่ได้
คุนเข้าบันชีมากเกินไป
ทำไมไอดีนี้เข้าไม่ได้
กดรัหสผิดเข้าระบบไม่ได้
ใช้รหัสเดิมแต่เจ้าไม่ได้
กดรหัสผิดหลายครั้ง
เข้ารหัสผ่านไม่ได้คับ","Username or password invalid, exceeded wrong password limit",
Fun88,TH,User,Account,ปลดล็อคการตั้งค่าส่วนตัว,1,การตั้งค่าส่วนตัว จะปลดล็อคอัตโนมัติเมื่อครบกำหนดตามวันที่และเวลาที่ได้ทำการตั้งค่าไว้ ,"ยกเลิกการตั้งค่าว่วนตัวค่ะ
ต้องการยกเลิกระงับการใช้งานชั่วคราว
ขอปลดล๊อคเกมได้ไหมคะ
ขอเปิดใช้บัญชีปกติคับ
เคย ระงับยูสถาวร..สามารถเปิดใช้ยูสเดิมได้ไม๊
ยกเลิกบัญชี่ครับ
ตั้งปืดการเดิมพันถาวอนไว้
ยกเลิกควบคุมกานเดิมพัน
ปิดตั้งค่าการเดิมพัน
ผมสามารถควบคุมการเดิมพันของผมได้ไหมคับ
เปลี่ยนเงินเดิมพันสูงสุดในการจำกัดวงเงินเดิมพัน
ถ้าจะยกเลิกปิดถาวรต้องทำยังไงครับ
ได้เข้าไปปิดใช้งาน90วันแล้วถ้าอยากเปิดใช้งานตอนนี้ทำไงคะ
ขอปลดล๊ออคค่ะ
แก้ไขความเป็นส่วนตัวในการโอนเงินให้หน่อยครับ
เปิดใช้บันชีนี้คับ
รบกวนยกเลิกการระงับบัญชีแบบถาวรครับ
แจ้งยกเลิกการระงับยูสเซอค่ะ
บันชีล๊อครบกวนปลดลอคทีคะ
ยกเลิกการระงับวงเงินครับ
",Remove self-exclusion,
Fun88,TH,User,Account,การตั้งค่าส่วนตัว,1,"คุณสามารถตั้งค่าการระงับการใช้งานได้ตามขั้นตอนดังต่อไปนี้ 
 1. ล็อคอินเข้าสู่ระบบ 
 2. เข้าที่หัวข้อ ""บัญชี"" หลังจากนั้นเลือก ""ตั้วค่าส่วนตัว"" 
 3. กดเปิดใช้งานฟังก์ชั่น จะมีให้เลือกการระงับการใช้งานแบบ 7 วัน 90 วัน หรือ แบบถาวร และยังมีการตั้งค่าจำกัดการโอนเงินภายใน 7 วัน อีกหนึ่งช่องทาง 
 4. กดบันทึก เพื่อยืนยันการทำรายการ
ต้องการปลดล็อคการตั้งค่า คลิก <intentlink>ปลดล็อคการตั้งค่าส่วนตัว<intentlink>","ปิดการใช้งาน
ต้องการระงับการเข้าใช้งาน
ขอปิดการเข้าใช้งานไปเลยคับ
ยกเลิก ไม่เข้าใช้งานแล้ว
ตั้งค่าจำกัดการเข้าใช้งานตรงไหน
จะไม่เข้ามาเล่นสักอาทิตย์
หยุดเล่นถาวรเลยคับ
เลิกเล่น ทำไง
ไม่อยากเล่นแล้วปิดเลย
บล็อกผมไปเลยก็ได้",Set up self-exclusion,
Fun88,TH,User,Account/Email,บัญชี - อีเมล,1,"คุณต้องการทำรายการใดเกี่ยวกับอีเมล
<intentlink>อัพเดทอีเมล<intentlink>
<intentlink>ยืนยันอีเมล<intentlink>
<intentlink>ลืมอีเมล<intentlink>
<intentlink>ไม่ได้รับอีเมลการยืนยัน<intentlink>
<intentlink>ไม่ได้รับอีเมลตั้งค่ารหัสผ่านใหม่<intentlink>
<intentlink>ลิ้งที่ได้รับจากอีเมล์ไม่สามารถใช้งานได้<intentlink>
<intentlink>ลิ้งที่ได้รับจากอีเมลไม่สามารถเปิดได้<intentlink>","อีเมล
อีเมล์
อีเมลล์
เมล์
เมล
เช็คเมล์
เช็คเมล
ดูเมล์
ดูเมล
อ่านเมล์
อ่านเมล",Account - Email,
Fun88,TH,User,Account/Email,อัพเดทอีเมล,1,คุณไม่สามารถเปลี่ยนแปลงอีเมลได้ด้วยตนเอง กรุณาติดต่อเจ้าหน้าที่เพื่อสอบถามข้อมูลเพิ่มเติม,"ขอเปลี่ยนอิเมล
ยกเลิกเมลเก่าใช้เมลใหม่
เมลผิดอะแก้ไขให้หน่อย
แก้ไขเมลตรงไหน
เปลี่ยนเมลได้มั้ย",How to update email address?,
Fun88,TH,User,Account/Email,ยืนยันอีเมล,1,"คุณสามารถยืนยันอีเมลได้ตามขั้นตอนดังต่อไปนี้
 1. ล็อคอินเข้าสู่ระบบ
 2. เข้าที่หัวข้อ ""บัญชี"" หลังจากนั้นเลือก ""ยืนยันบัญชี"" 
 3. คลิก ""ตรวจสอบ"" (อักษรสีแดง) หลังจากนั้นระบบจะทำการส่งเมลล์ไปยังอีเมลของคุณ
 4. เข้าตรวจสอบอีเมลของคุณ หลังจากนั้นกดยืนยันจากอีเมลที่ได้รับ
 5. ในระบบจะเปลี่ยนเป็นคำว่า ""ตรวจสอบแล้ว"" (อักษรสีเขียว) คือการยืนยันอีเมลเสร็จสมบูรณ์","ยืนยันบัญชีไม่ได้
ยืนยันSMSไมรได้ทำไฃ
ขอยื่นยัน เมลล์และเบอร์โทร
ไม่แน่ใจ อีเมล ถูกบล๊อครึเปล่า
ยืนยันตัวตนไม่ได้คับ
ยืนย้นบันชีไม่ได้คราบ
ยืนคับ
ผมเข้าเมลไม่ได้ มันให้ยืนยันตัวตนทาง smsก่อน
ยืนยันล้มเหลวคับ
ยืนยันบัญชีemail
",How to verify email?,
Fun88,TH,User,Account/Email,ลืมอีเมล,1,หากคุณลืมอีเมลรบกวนติดต่อเจ้าหน้าที่เพื่อยืนยันข้อมูลเพิ่มเติม หรือ สมัครอีเมลใหม่และแจ้งเปลี่ยนอีเมลที่ต้องการใช้กับเจ้าหน้าที่,"ผมลืมอีเมลช่วยหน่อยครับ
ใช้เมลใหม่ จะแจ้งขอเปลียนคับ
จะแก้ให้เป็นอีเมลปัจจุบัน
ติดต่อขอเปลี่ยนอีเมลใหม่ยังไงคะ",Forgot email,
Fun88,TH,User,Account/Email,ไม่ได้รับอีเมลการยืนยัน,1,"1. ทำการรีเฟรชอีเมลอีกครั้ง
2. ตรวจสอบที่อีเมลขยะว่าได้รับอีเมลหรือไม่
3. ตรวจสอบชื่ออีเมลว่าถูกต้องหรือไม่และทำรายการตามขั้นตอนการยืนยันอีเมลใหม่อีกครั้ง เพื่อขอรับอีเมลการยืนยันใหม่
4. ตรวจสอบที่อีเมลอีกครั้ง
<intentlink>อัพเดทอีเมล<intentlink>
<intentlink>ลืมอีเมล<intentlink>","ไม่มีอะไรส่งมาให้ยืนยันเมลล์ค่ะ
เข้าไปดูในเมลแล้วไม่เจอ
พอกดยืนยันแล้วไงต่อครับ
กล่องขาเข้าไม่เห็นได้รับเลยคะ
ตรวจอีเมลแล้วไม่มีข้อความครับ",Cannot receive email for email verification?,
Fun88,TH,User,Account/Email,ไม่ได้รับอีเมลตั้งค่ารหัสผ่านใหม่,1,"1. รบกวนลองเข้าผ่านลิ้ง www.sport788.com และลองทำรายการใหม่อีกครั้ง 
2. ตรวจสอบอีเมล์ที่คุณได้ทำการกรอกเข้ามาใหม่อีกครั้ง
3.กรุณาลองตรวจสอบ ยูเซอร์เนม และ อีเมลที่สมาชิกได้มีการกรอกเข้าใหม่อีกครั้ง
4.รบกวนลองทำการเปลี่ยนบราวเซอร์ในการใช้งาน
<intentlink>อัพเดทอีเมล<intentlink>
<intentlink>ลืมอีเมล<intentlink>","ดูเมลขยะแล้วค่ะ ก็ไม่มีรหัสส่งมา
จะส่งรหัสผ่านใหม่มาทางไหนคะ
ในอีเมลขยะไม่มีอะไรเลย 
",Cannot receive reset password email?,
Fun88,TH,User,Account/Email,ลิ้งที่ได้รับจากอีเมลไม่สามารถใช้งานได้,1,"แนะนำวิธีการแก้ไขปัญหาเบื้องต้นและเข้าทำรายการใหม่อีกครั้ง
<intentlink>ลบคุ๊กกี้<intentlink>
<intentlink>เปลี่ยนเบราเซอร์<intentlink>","ลิงค์ที่ส่งมา มันกดเข้าไปไม่ได้คับ
ลิงค์ที่ได้รับ คลิกอะไรไมาได้เลยค่ะ
ขอลิ๊งใหม่ได้ไหม ที่ได้มาเข้าไม่ได้
ลิ้งที่ให้มา กดไม่ได้",Email link invalid,
Fun88,TH,User,Account/Email,ลิ้งที่ได้รับจากอีเมลไม่สามารถเปิดได้,1,"แนะนำวิธีการแก้ไขปัญหาเบื้องต้นและเข้าทำรายการใหม่อีกครั้ง
<intentlink>ลบคุ๊กกี้<intentlink>
<intentlink>เปลี่ยนเบราเซอร์<intentlink>","ผมทำหมดแล้ว กลับมาเป็นเหมือนเดิม
ยืนยันไมได้ ขึ้นว่าการตรวจสอบล้มเหลว ทำไง
",Email link can't open,
Fun88,TH,User,Account/Password,บัญชี - รหัสผ่าน,1,"คุณต้องการทำรายการใดเกี่ยวกับอีเมล
 <intentlink>ลืมรหัสผ่าน<intentlink>
 <intentlink>ไม่สามารถเปลี่ยนรหัสผ่านได้<intentlink>
 <intentlink>เปลี่ยนรหัสผ่าน<intentlink>
<intentlink>ไม่สามารถเปลี่ยนรหัสผ่านจากลิ้งในอีเมลได้<intentlink>","รหัสผ่าน
รหัส
พาส
พาสเวิร์ด
password
รหัสเข้ายูส",Account - Email,
Fun88,TH,User,Account/Password,ลืมรหัสผ่าน,1,"คุณสามารถคลิกที่คำว่า ""ลืมรหัสผ่าน"" ที่ด้านขวามือบนของทางหน้าเว็บไซต์
จากนั้นกรอก อีเมลเเละยูซเซอร์เนม ลิ้งค์ตั้งค่ารหัสผ่านใหม่จะส่งไปที่อีเมลของคุณค่ะ
<intentlink>ลืมอีเมล<intentlink>
<intentlink>ลืมยูสเซอร์เนม<intentlink>","ยูสเซอร์นี่เข้านะบบไม่ได้
พี่ลืมพาสเวิส
จำรหัสผ่านแะอีเมลไม่ได้คับ
ลืมรหัสครับ
ถ้าเราจะเปลี่ยนรหัสอะ
ผมไม่ได้เข้าระบบนานมาก
ทำไมเข้าระบบแล้วจะขึ้นว่า ยูสเชอร์เนมถูกระงับ
ช่วยปล็กยูเชอคีบ
รหัสลืมค้ะ
ผมเข้าระบบไม่ได้
ช่วยดูรหัสผ่านไห้หน่อย
ยูเซอรนี้ยังไช้ได้อยู่ป่าว
กดรหัสผ่านเกินจำนวนครั้งคะ
เข้าเกินจำนววน
พี่ทำไมอยู่ดีดีเข้ายุสเชอรๆม่ได้อะ
ผมเข้าเวฟไม่ได้คับ
เข้าใช้งานไม่ได้ครับ รบกวนช่วยดูให้หน่อยครับ
เหมือนระบบจะแจ้งว่าผมเข้าระบบหลายครับน่ะครับ
ผมทำไงก็เข้าระบบไม่ได้เลย
ใส่รหัสเกินจำนวนครั้งที่กำหนด",Forgot password,
Fun88,TH,User,Account/Password,ไม่สามารถเปลี่ยนรหัสผ่านได้,1,รหัสผ่านต้องมี 6-20 หลัก รวมทั้งตัวเลขและตัวหนังสือ โดยไม่ใส่เครื่องหมาย ขีดล่าง หรือเว้นช่องว่างใดๆ ,"เปลี่ยนรหัสไมได้
ทำไมเปลี่ยนไม่ได้
ทำไมไม่ให้เปลี่ยนรหัส
รหัสตั้งยังไง
มันตั้งไม่ได้ ทำไง ลืมรหัส
ทำไมเปลี่ยนรหัสไม่ผ่านสักที
ต้องกรอกรหัสใหม่ว่าไร
เหนื่อยแล้ว ตั้งรหัสผ่านไมได้ 
ตั้งรหัสยังไง ตั้งให้หน่อย",Cannot update password,
Fun88,TH,User,Account/Password,เปลี่ยนรหัสผ่าน,1,"1. เข้าสู่ระบบ
2. เข้าที่หัวข้อ ""บัญชี"" ด้านขวามือ จากนั้นเลือก ""เปลี่ยนรหัสผ่าน""
3. กรอกรหัสผ่านใหม่ที่ต้องการ และยืนยันรหัสผ่านใหม่ จากนั้นกด ""บันทึก""
<intentlink>ลืมยูสเซอร์เนม<intentlink>
<intentlink>ลืมรหัสผ่าน<intentlink>","อยากเปลี่ยนรหัสผ่าน 
เปลี่ยนรหัสยังไง
เหมือนมีคนเข้ามาใช้ของผม เปลี่ยนรหัสผ่านยังไง
เปลี่ยนรหัสผ่านไม่เป็นช่วงผมหน่อย
รหัสเปลี่ยนตรงไหนคะ
หาที่เปลี่ยนรหัสผ่านไม่เจอ
เปลี่ยนรหัสผ่านให้หน่อย กลัวแฟนรู้
",Change Password,
Fun88,TH,User,Account/Password,ไม่สามารถเปลี่ยนรหัสผ่านจากลิ้งในอีเมลได้,1,"แนะนำวิธีการแก้ไขปัญหาเบื้องต้นและเข้าทำรายการใหม่อีกครั้ง
<intentlink>ลบคุ๊กกี้<intentlink>
<intentlink>เปลี่ยนเบราเซอร์<intentlink>","ผมทำรายการลืมรหัสผ่านมาสิบรอบแล้ว ไมได้
พอกดที่ลิ้งก็เด้งกลับมาที่เดิม ทำไง
กดไปที่ลิ้งก็เหมือนเดิม ทำไมเป็น
ทำไมกดที่ลิ้งไม่มีขึ้นให้ตั้งรหัสผ่านใหม่
ตั้สรหัสผ่านยังไง  กดที่ลิ้งแล้ว ไม่เห็นจะขึ้น
กดที่ลิ้งแล้วไง
กดลิ้งแล้วขึ้นเหมือนเดิม
ลืมรหัสผ่าน แต่กดที่ลิ้งไม่เห็นมีอะไรเลย ทำไง
",Reset Password Email Link not working,
Fun88,TH,User,Account/Phone,เปลี่ยนเบอร์โทรศัพท์อย่างไร,1,"1. เข้าสู่ระบบ
2. เข้าที่หัวข้อ ""บัญชี"" ด้านขวามือ จากนั้นเลือก ""อัพเดทประวัติ"" 
3. กรอกข้อมูลที่ต้องการเปลี่ยน และกด บันทึก
<intentlink>อัพเดทประวัติ<intentlink>","พอดีผมเปลี่ยนเบอร์โทรศัพคับ
เปลี่ยนเบอร์โทรให้ผมหน่อย
ผมใช้เบอร์ใหม่
เบอร์ใหม่ผม
อยากเปลี่ยนเบอร์ทำไงคับ
เปลี่ยนเบอร์โทรแล้ว
โทรศัพหาย เปลี่ยนเบอร์ให้หน่อย
ผมอยากใช้เบอร์ใหม่ ทำได้ไหรับ
เบอร์ที่ผมใช้ในการสมัครเป็นเบอร์เก่าครับ ช่วยที
",How to change phone number?,
Fun88,TH,User,Account/Phone,ลืมเบอร์โทรศัพท์,1,"คุณสามารถเข้าไปตรวจสอบเบอร์โทรศัพท์ได้ด้วยตนเอง เข้าที่ www.sport788.com จากนั้น ให้กดที่คำว่าบัญชี>อัปเดตประวัติ เพื่อตรวจสอบเบอร์โทรศัพท์ของคุณ
<intentlink>อัพเดทประวัติ<intentlink>","ผมลืมว่าผมใช้เบอร์ไรสมัคร 
เช็คเบอร์โทรของผมให้น่อย
ลืมเบอร์โทร ทำไงได้บ้าง
ทำไงดี ลืมเบอร์โทร
เบอร์ผมเบอร์ไร
เช็คเบอร์โทรยังไงคับ
ผมอยากรู้ว่าเบอร์ผมเบอร์ไร
",Forgot phone number,
Fun88,TH,User,Account/Phone,ไม่ได้รับโค้ดยืนยันทาง SMS,1,"1.รบกวนเข้าที่ www.sport788.com และทำการกดยืนยันใหม่อีกครั้ง                        
2.ตรวจสอบเบอร์ที่ใช้ในการสมัครใหม่อีกครั้ง                        
3.ก่อนทำรายการให้ลบประวัติการท่องเว็บออกทุกครั้ง <intentlink>ลบคุ๊กกี้<intentlink>","ไม่เห็นมี sms เข้าเลย ทำไง
ยืนยันไมได้ ไม่มี sms เข้า 
ยืนยันไมได้ ผมทำรายการหลายรอบแล้ว ไม่เห็นมี sms  เลย
ต้องรอเอสเอมเอสนานไหม ไม่เห็นมีอะไรเข้าเลย
เอาเอมเอสไม่เข้า ผมจะยืนยันได้ไง
ทำมาหลายรอบแล้ว ไม่มี sms เลย ให้ผมทำไง
เอสเอมเอสต้องรอนานแค่ไหนคับ
",Cannot receive SMS code,
Fun88,TH,User,Account/Phone,โค้ด SMS ยืนยันหมดอายุ,1,"โค้ด SMS ยืนยันจะมีอายุการใช้งาน 5 นาทีค่ะ รบกวนคุณทำการยืนยันเบอร์โทรศัพใหม่อีกครั้งค่ะ
<intentlink>ยืนยันเบอร์โทรศัพท์<intentlink>","พอกรอกและบอกว่าหมดอายุ ทำไง
ทำไมรหัสยืนยันเอสเอมเอสหมดอายุคับ
รหัส sms หมดอายุแล้ว ทำไงดีคับ
sms หมดอายุ
",SMS code expired,
Fun88,TH,User,Account/Phone,ยืนยันเบอร์โทรศัพท์,1,"1.เข้าสู่ระบบ
2.เข้าที่หัวข้อ ""บัญชี"" ด้านขวามือ จากนั้นเลือก ""ยืนยันบัญชี ""
3.หัวข้อSMS การยืนยันตัวตน  กด "" ที่นี่เพื่อตรวจสอบ""
4.รหัสจะส่งไปที่โทรศัพท์ กรุณากรอกรหัสภายใน 5 นาที","ยืนยันเบอร์โทรยังไง
เขาบอกให้ยืนยันเบอร์โทร
หาที่ยืนยันเบอร์ไม่เจอคับ
ยืนยันเบอร์โทรอยู่ตรงไหน
หัวข้อยืนยันเบอร์โทรตรงไหน
ต้องยืนยันเบอร์ตรงไหนคะ รับเงินเดิมพันฟรีค่ะ
",Verify phone number,
Fun88,TH,User,Fund  Transfer,วิธีการโอนเงิน,1,"คุณสามารถทำการโอนเงินระหว่างบัญชีเพื่อไปเดิมพันที่เกมส์อื่นๆได้
1. เข้าสู่ระบบ เลือกหัวข้อ ""$ ธนาคาร"" เลือก ""โอนเงิน""
2. ระบุบัญชีต้นทางและปลายทาง
3. กรอกจำนวนเงินที่ต้องการย้ายบัญชี (กรอกจำนวนเต็มไม่ต้องกรอกจุดทศนิยม)
4. กดตกลงและเดิมพันได้เลย","ขอทราบวิธีการย้ายเงินหน่อยค่ะ
โอนเงิน ใช่การย้ายเงินไหมคับ
ต้องการย้ายเงินไปบัญชีอื่นคับ
ย้ายเงินจากกีฬาไปคาสิโนยังไง
ย้านเงินยังไงอ่ะ
ต้องการโอนเงินทำไงคับ
เอาเงินไปไว้ในบัญชีอื่นทำไงคับ
ตอนนี้เงินอยู่คาสิโน อยากน้ายไปกีฬาต้องเข้าตรงไหน
โอนเงินเจ้าตรงไหน
บอกวิธีย้ายเงินให้หน่อยทำไง",How to transfer,
Fun88,TH,User,Fund  Transfer,ยอดเงินโอนหาย,1,"คุณสามารถตรวจสอบประวัติการโอนเงินได้ดังนี้
1. เข้าสู่ระบบ เลือกหัวข้อ ""$ ธนาคาร"" เลือก ""ประวัติ""
2. เลือกวันที่ที่ต้องการค้นหา กด ""ตกลง""
หลังจากนั้นตรวจสอบสถานะการโอนเงิน หากสถานะสำเร็จให้ตรวจสอบยอดเงินที่บัญชีต้นทางและปลายทางอีกครั้ง
หากสถานะไม่สำเร็จระบบกำลังดำเนินการตรวจสอบให้ กรุณารอสักครู่
ข้อมูลเพิ่มเติม คลิก  <intentlink>วิธีการโอนเงิน<intentlink>","ดูประวัติการโอนเงินตรงไหน
ตรวจสอบประวัติการย้ายเงินยังไง
ผมจะดูว่าผมโอนเงินจากไหนไปไหน ได้ตรงไหนคับ
ดูว่่าย้ายเงินไปแล้ว ยังไงคับ
โอนเงินแล้สยอดอยุ่ไหน
ยอดเงินที่โอนไปจากกีฬามันหายไปไหนอ่ะ",Missing transfer,
Fun88,TH,User,Fund  Transfer,ยูสเซอร์เนมมียอดเงินแต่ถอนไม่ได้,1,"ก่อนทำการถอนเงิน คุณจะต้องมีการย้ายเงินไปไว้ที่บัญชีหลักก่อนทุกครั้ง จึงจะสามารถทำการถอนเงินออกจากยูสเซอร์เนมได้
ข้อมูลเพิ่มเติม คลิก  <intentlink>วิธีการโอนเงิน<intentlink>","จะถอนต้องย้ายเงินยังไงคับ
ย้ายเงินจากที่มีไปบัญชีหลักทำไง
ย้ายเงินในบัญชีทำไงคะ
ต้องการย้ายเงินออก
อยากถอนเงินออกต้องย้ายไปไหน
โอนเงินออก ต้องทำไง
มันขึ้นว่ายอดเงินเกินบัญชีหลักคะ
ย้ายเงินเข้าตรงไหน
ย้ายเงินออกทำไง
ต้องการย้ายเงินคับ
จะย้ายเงินอะ",Account have money but can't withdraw,
Fun88,TH,User,Fund  Transfer,ถอนยอดเงินจากเกมส์ที่เล่นหมุนฟรีไม่ได้,1,"ยอดเงินเดิมพันที่ได้มาจากการหมุนสล็อตฟรีจะยังไม่แสดงในบัญชีเกมส์ คุณจะต้องมีการเปิดใช้งานบัญชีเกมส์ก่อนโดยการโอนเงิน หรือ ย้ายเงินไปไว้ที่บัญชีเกมส์ขั้นต่ำที่ 1 บาท หลังจากนั้นยอดเงินเดิมพันที่ได้รับจากการหมุนสล็อตฟรีจะแสดงรวมทันที
ข้อมูลเพิ่มเติม คลิก  <intentlink>วิธีการโอนเงิน<intentlink>","เงินฟรีที่เล่นได้ ถอนไเ้ไหมคับ
ถอนเงินฟรีที่ได้มา ได้เลยไหม
จะถอนเงินที่เล่นได้ ทำไงอ่ะ
เงินโบนัสฟรีจากสล็อตถอนได้ไหม
จะถอนเงิน ผมเล่นสล็อตได้ฟรี
เงินฟรีจากหมุนสล็อตถอนเลยได้ไหม ถ้าเล่นได้",Freespin money can't take out,
Fun88,TH,User,Fund  Transfer,โอนเงินไม่ได้,1,"ไม่สามารถโอนเงิน หรือ ย้ายเงินระหว่างบัญชีได้ สาเหตุหลักอาจมาจากการใช้งานของเบราเซอร์ หรือ อินเตอร์เน็ตไม่เสถียร
แนะนำวิธีการแก้ไขปัญหาเบื้องต้นและเข้าทำรายการใหม่อีกครั้ง
<intentlink>ลบคุ๊กกี้<intentlink>
<intentlink>เปลี่ยนเบราเซอร์<intentlink>","จะย้ายเงินจากบัญชีหลักทำไง ย้ายไม่ได้
ย้ายเงินยังไง ย้ายไม่ไป
ย้ายเงินไม่เป็น ไม่เข้าบัญชีหลักเลย
ย้ายเงินไม่สำเร็จ เพราะอะไรครับ
ย้ายเงินไมได้ พอทราบไหมครับว่าเพราะอะไร
ย้ายเงินยากจัง ทำไม่เป็น
ช่วยผมโอนเงินเข้าบัญชีหลักหน่อย โอนไมได้
",Unable to transfer,
Fun88,TH,User,Payment/Withdrawal,วิธีกรอกข้อมูลการถอน,1,"1. เข้าสู่ระบบ 
2. เข้าที่หัวข้อ ""ธนาคาร"" ด้านขวามือ จากนั้นเลือก ""ถอนเงิน"" 
3. กรอกยอดเงิน และข้อมูลธนาคารของคุณ จากนั้น กด ตกลง
ข้อมูลเพิ่มเติม คลิก  
<intentlink>ยอดถอนขั้นต่ำและสูงสุด<intentlink>
<intentlink>ระยะเวลาการถอนเงิน<intentlink>","ถอนเงิน
ถอนทำไง
จะถอน
ถอนขั้นต่ำ
ขั้นต่ำถอนเท่าไร
ทำถอนไง
จะถอนเงิน
จะถอนเงินคับ
ขอถอน
ถอนเงินทำยังไง
สอบถามถอนเงิน
อยากถอนเงิน
ถอนขั้นต่ำกี่บาท
ถอนนานไหม
ถอนนานเท่าไร
ถอนยังไง
ต้องการถอน
ทำรายการถอน
จะทำถอนทำไง
ถอนเงินไม่ได้
จะถอนคับ
ถามหน่อยถอนเงิน
ถอนได้มั้ย
ทำถอนไม่ได้
จะถอนเงิน ทำยังไงค่ะ
แจ้งถอนยังไง
จะทำการถอน
ผมจะถอนเงินทำไงบ้างคับ
ทำไงจะถอนได้ครับ
ถอนเงินนานไหมครับกว่าจะได้
ผมเเจ้งถอนยังไง
ถอนเงินเข้าบัญชียังไง
ขอถอนเงินค่ะ
ผมจะถถอนเงินออก
ถอนออกทำไง
ถอนไปแล้วเข้าตอนไหนครับ
ถอนออกยังไง
ถอนเข้าตอนไหน
ทำรายการถอนให้หน่อย
ถอนให้ที
ทำไงจะถอน
ถอนเงินอ่าคับ ทำไง
ถอนเงินสามารถถอนได้ตลอดใช่มั้ยครับ
ผมจะสอบถามเรื่องถอนเงินครับ
จะถอนได้ยังไง
ผมต้องทำไงถึงจะถอนได้
ต้องการถอนเงินต้องทำอย่างไรครับ
ถอนไง
ผมจะถอนได้ป่าว
ถอนเงินคับ
ถอนเงินยังไง

ถอนแล้วไม่ได้
เช็คถอนหน่อย ไม่ได้เงิน
ไม่ได้เงินถอน
เมื่อไรได้
ถอนเงินยังไม่ได้
เงินไม่เข้าเลยจร้า
เช็คยอด
ถอนเมื่อคืนยังไมได้
เงินไม่เข้า
ตามเงินให้ที
เงินเมื่อไรเข้า
รายการอนุมัติแล้วแต่เงินไม่เข้า
เงินถอน ไม่เข้า
ไม่เห็นได้ยอด
สำเร็จแต่เงินไม่เข้า
ไม่เห็นได้เงินเลย
ตามถอนที
ยอดเงินไม่มีเข้ามา
ดูยอดถอนให้หน่อย
ดูยอดถอน เงินไม่เข้า
เงินไม่เข้า ถอน
ถอนไม่เข้า
เงินไม่เข้าบัญชี
ไม่ได้เงินแต่ขึ้นในระบบว่าถอนสำเร็จ
ตรวจสอบยอดถอนเงินค่ะ ยังไม่ได้เงิน
รายการถอนเงินสำเร็จแต่ไม่มีเงินเข้าบัญชีค่ะ
ขอถอนเงินแต่ยอดไม่เข้า
ตามให้หน่อยคับ เงินไม่เข้า
ขอถอนแล้วไม่ได้เงินเข้าบัญชี
รายการถอน ล่าสุด ถอนสำเร็จ แต่ เงินไม่เข้าบัญชี
แต่เงินยังม่เข้าในบันชี
ถอนเมือคืนแต่เงินไม่ดัยนะ
เงินยังไม่เข้าอีกครับ
ไม่มีตังเข้าเลย
เรื่องเงินถอน ไม่ได้ตัง
ถอนเงินแล้วยังไม่ได้เลย
ตามยอดที่ขอถอนไว้
ตามเรื่องถอนเงินหน่อยครับ
ถอนอนุมัติแล้วแต่ตังยังไม่เข้าครับ
ยอดในบันชี้ผมไมเข้า
เรื่องเงินไม่เข้าบัญชีในเวลาเว็ปที่สำเร้จ
คือถอนเงินจากบัญชีเกมส์เพื่อเข้าบัญชีธนาคาร ถึงตอนนี้เงินก็ยังไม่เข้าบัญชีธนาคารเลยค่ะ
มีปัญหาเรื่องโอนเงินเข้าบัญชีธนาคารอยู่คะ
ยอดไม่เข้า
ถอนยังไม่เข้านะครับ
ตามเรื่องถอนเงิน ยังไม่ได้เงินครับ
ถอนเงินไม่ได้
ตรวจสอบเสร้จยังคับเรื่องถอนเงิน 2 วันแล้วนะคับ
มาติดตามความคืบหน้าเรื่องที่ยอดเงินถอนสองรายการไม่เข้า
ถอนเงินไม่เข้า
เงินถอนออกแต่ไม่เข้าอะ
ยอดยังไม่เข้าบัญชีเลย
เงินไม่เข้าบัญชีคับ
ในรายการขึ้นว่าถอนเงินสำเร็จ แต่ไม่มีเงินเข้ามา
คือถอนตังไปแต่ตังยังไม่เข้าบัญชี
ยอดเงินไม่เข้า แต่เวปแจ้งว่าโอนแล้ว
คือผมถอนเงินเเล้วอะคับเเต่ในบัญชีธนาคารยังไม่เข้าเลย
ถอนเงินยังไม่เข้าครับ

เงินไม่เข้าเลยจร้า
ถอนเงินไปยังไม่เข้าครับ
พอทำรายการแล้วถูกยกเลิก
ทำไมถอนเงินไม่ได้ครับ
แจ้งถอนไปเงินไม่ได้สักทีครับ
ทำถอนแล้วไม่ได้
ตรวจรายการถอนให้หน่อย
ทำรายการไป จะถอนเงินได้ไหม
จะถอนได้ตอนไหน
ทำรายการไปแล้วตรวจสอบด้วย
ถอนยังไม่ได้อะครับ
ขอถอน ไม่ได้ค่ะ
ถอนเงินได้ยังครับ
เทินโอเวอครบยัง
จะถอนเงินได้เท่าไร
ยอดเทรินครบยัง จะถอนเงิน
ทำไมถอนตังไมได้คับ
ผมถอนเงินไม่ได้
รบกวนถอนให้หน่อยเถอะค่ะ
ถอนไม่ได้เลย
แจ้ง​การถอนทำรายการไม่ได้ค่ะ
ถอนเงินนานแล้วยังไม่เข้าเลยค้ะ
ปรับยอดการถอนช้าจังเลยค่ะ
ถอนเงิน ตรวจสอบเสร็จรึยังคัฟ
แจ้งถอนแล้วทำไมยอดเงินยังไม่เข้าค่ะ
มีข้อผิดพลาดตรงไหนครับ ถอนเงินไม่เข้า
สอบถามทำไมถอนเงินไม่ได้ครับ
ผมถอนเงินทำไมปฎิเสธ
เป็นไรถอนไม่ได้คับ
ดูให้หน่อยได้ไหม ทำไมถอนไม่ได้ครับ
ทำไหมถอนไม่ได้ครับ
ทำไมยังถอนตังไม่ได้อีกละ
ทำไมการถอนถูกปฏิเสธ
พอจะถอนดันมีปัญหา
รายการถอนถูกยกเลิก
ทำไมถอนเงินไม่ได้คะถูกปฏิเสธอีกแล้วค่ะ
คือตามเรื่องถอนเงินยุคับ
ปรับยอดถอนให้หน่อยค้าบ
ผมแจ้งถอนไปทำมัยยกเลิกรายการถอนออกคัพ
ต้องทำยอดเท่าไหร่จึงถอนได้
ทำไมแจ้งถอนเงินตัดเงินจากเกมแต่ยอดเงินไม่เข้า
อนเงินไม่ได้คับเช็คให้หน่อยว่าถอนได้หรือยังคับ
ผมทำรายการถอนไม่ได้เลยอะครับถูกปฏิเสธตลอด
สรุปยอดเงินไปไหนค่ะแจ้งถอนเงินไม่เข้า
ถอนเงินไม่ได้ครับ
ผมทำรายการถอนเงินไป ถูกปฏิเสธทุกรอบเลย
ยอดเท่าไรถึงถอนได้ครับ
ดูยอดถอนให้ด้วยครับ
สามารถถอนได้ยังค่ะ
ถอนเงินไม่ได้เกิดจากอะไรค่ะ
ถอนเงินไม่ได้พี่
ตรวจสอบรายการถอนให้หน่อยครับ
ถอนเงินจากเกมส์แต่เงินยังไม่เข้าบันชีเลยคะ
ยังไม่ให้ถอนอีกหรอ
สาเหตุอะไร ทำไม่ถอนออกไม่ได้
ถอนครับ
ถอนแล้วไม่ได้
ดูรายการถอนให้หน่อย",How to fill in Withdrawal Bank Information?,
Fun88,TH,User,Payment/Withdrawal,วิธีเพิ่มบัญชีถอน,1,"คุณสามารถทำการเพิ่มบัญชีถอนด้วยตนเอง โดยการกดที่คำว่า ธนาคาร > ข้อมูลธนาคาร และทำการเพิ่มบัญชีถอนได้เลยค่ะ
ข้อมูลเพิ่มเติม คลิก  
<intentlink>วิธีกรอกข้อมูลการถอน<intentlink>
<intentlink>ยอดถอนขั้นต่ำและสูงสุด<intentlink>
<intentlink>ระยะเวลาการถอนเงิน<intentlink>","พอดีผมใช้อีกบัญชีฝากเข้ามา ต้องทำไงคับ
ผมสามารถเปลี่ยนบัญชีการฝากของผมได้ไหมคับ
เพิ่มบัญชีฝากต้องทำยัง
อยากเพิ่มบัญชีการฝาก
เราสามารถใช้มากกว่า 1 บัญชีฝากได้ไหม ต้องทำยังไงคะ
ฝากแล้วแต่เขาบอกว่าบัญชีไม่ตรงกัน ทำไงคับ
",How to update Withdrawal Bank Information?,
Fun88,TH,User,Payment/Withdrawal,รายการถอนยังอยู่ในระหว่างดำเนินการ,1,"ตอนนี้ยอดถอนของคุณยังอยู่ในระหว่างดำเนินการ รบกวนรอการปรับตามรอบ แต่ละรอบจะมีการปรับไม่เกิน 6 ชั่วโมงค่ะ
ข้อมูลเพิ่มเติม คลิก  
<intentlink>ยอดถอนขั้นต่ำและสูงสุด<intentlink>
<intentlink>ระยะเวลาการถอนเงิน<intentlink>","ผมทำรายการถอนไปยังไม่ปรับเลยคับ	
ขอถอนเงินคับ	
ถอนเงินยังไม่เข้า	
ถอนเงินต้องรอนานไหม	
ผมทำรายการถอนไปครึ่งชั่วโมงแล้ว ยังไม่ปรับเลยคับ	
ถอนเงินตั้งนานแล้ว ทำไมยังไม่ปรับอีก	
รายการถอนอยู่ในระหว่างการดำเนินการนานแล้ว  	
ผมถอนเงินไปได้สักพักแล้ว ตรวจสอบให้ทีคับ	
เงินยังไม่เข้าบัญชีผมเลย ทำไมถอนนานขนาดนี้	
รอนานมากแล้วนะ เมื่อไหร่ผมจะได้ยอดถอน	
",Still Processing,
Fun88,TH,User,Payment/Withdrawal,ลบข้อมูลบัญชีการถอน,1,"คุณสามารถทำการลบบัญชีถอนด้วยตนเอง โดยการกดที่คำว่า ธนาคาร > ข้อมูลธนาคาร และกดแก้ใข หลังบัญชีธนาคารของคุณที่ทำการบันทึกไว้ จากนั้น เลือกที่ ลบข้อมูลธนาคาร ค่ะ
ข้อมูลเพิ่มเติม คลิก  
<intentlink>วิธีเพิ่มบัญชีถอน<intentlink>","ผมกรอกบัญชีถอนผมผิด แก้ไขได้ไหมครับ
ลบบัญชีถอนยังไง กรอกผิด
บัญชีถอนของผมลบได้ไหมครับ
บันทึกบัญชีผิด แก้ไขได้ไหม
ผมอยากใช้บัญชีผมอีกบัยชีในการถอนได้ไหมคับ
",Remove Withdrawal Bank Information,
Fun88,TH,User,Payment/Withdrawal,ยอดถอนขั้นต่ำและสูงสุด,1,"ยอดถอนขั้นต่ำจะอยู่ที่ 500 บาท และภายใน 30 วันต้องมียอดถอนไม่เกิน 150,000 บาทค่ะ
ข้อมูลเพิ่มเติม คลิก  <intentlink>เพิ่มวงเงินการถอน<intentlink>","ถอนขั้นต่ำเท่าไหร่คับ
ถอน 200 ได้ไหม
ถอนเงินสูงสุดได้เท่าไหร่คับ
ทำไมถอน 300 บาทไม่ได้
ขั้นต่ำการถอน
ถอน ขั้นต่ำ
อยากถอนเงิน ขั้นต่ำเท่าไหร่คับ
ถ้าผมจะถอนเงินทั้งหมดที่มีในบัญชีได้ไหมคับ
ถอนมากกว่า 100,000  ได้ไหมคับ
",Withdrawal limits,
Fun88,TH,User,Payment/Withdrawal,ตรวจสอบสถานะการถอนเงิน,1,"หลังจากแจ้งรายการถอนสำเร็จแล้ว คุณสามารถตรวจสอบประวัติการทำรายการหรือติดตามสถานะการถอนได้ที่ หัวข้อ ประวัติ
ข้อมูลเพิ่มเติม คลิก  <intentlink>รายการถอนยังอยู่ในระหว่างดำเนินการ<intentlink>","ตรวจสอบยอดถอนให้หน่อย
ผมถอนเงินแล้วตรวจสอบที
ผมทำรายารถอนถูกไหม ดูให้หน่อย
ถอนเงินไป
ผมถอนเงินไปแล้ว ดูให้หน่อยว่าโอเคไหม
ช่วยเช็คยอดถอนให้ผมที
",Check withdrawal status,
Fun88,TH,User,Payment/Withdrawal,ยกเลิกรายการถอนเงิน,1,"คุณสามารถยกเลิกรายารถอนเงินได้ด้วยตนเองโดยการกดที่กากบาทเท่านั้น
ข้อมูลเพิ่มเติม คลิก  <intentlink>รายการถอนยังอยู่ในระหว่างดำเนินการ<intentlink>","ช่วยยกเลิกการถอนให้หน่อยค่ะ
ยกเลิกการถอนค่ะ
กรอกข้อมูลผิด ยกเลิกการถอนให้หน่อยคับ
ยอดถอนปรับช้ามาก ยกเลิกให้หน่อยครับ ผมจะเล่นต่อ
ถอนไม่ปรับเลย ยกเลิกให้หน่อย จะถอนใหม่
ถอนไม่ปรับเลย ยกเลิกให้หน่อย จะถอนใหม่
ยกเลิกรายการถอนได้ไหมคะ
",Cancel Withdrawal,
Fun88,TH,User,Payment/Withdrawal,คำนวณยอดหมุนเวียนการถอนอย่างไร,1,รายการฝากทุกๆรายการของคุณ ต้องมีการทำยอดหมุนเวียน 1 เท่า จึงจะสามารถทำการถอนออกมาได้ค่ะ,"เงินไม่เข้าเลยจร้า
ถอนเงินไปยังไม่เข้าครับ
พอทำรายการแล้วถูกยกเลิก
ทำไมถอนเงินไม่ได้ครับ
แจ้งถอนไปเงินไม่ได้สักทีครับ
ทำถอนแล้วไม่ได้
ตรวจรายการถอนให้หน่อย
ทำรายการไป จะถอนเงินได้ไหม
จะถอนได้ตอนไหน
ทำรายการไปแล้วตรวจสอบด้วย",How to Calculate Withdrawal TO Requirement,
Fun88,TH,User,Payment/Withdrawal,ระยะเวลาการถอนเงิน,1,"คุณสามารถทำรายการถอนเงินได้ตลอด 24 ชั่วโมง ทางเรามีรอบการส่งยอดให้การเงินไทยคือ 10:00 น. 12:00 น.14:00 น. 16:00 น. 18:00 น. (ตามเวลาหน้าเว็บไซต์) ความช้าเร็วจะขึ้นอยู่กับจำนวนสมาชิกในรอบที่ส่งไป ทางเราจะตั้งเวลาในรอบให้การเงินไทยทำงานภายใน 6 ชั่วโมงค่ะ
ข้อมูลเพิ่มเติม คลิก  <intentlink>วิธีกรอกข้อมูลการถอน<intentlink>","ถอนเงิน ทำไมช้าจัง
นานไหมกว่าจะโอนให้ผม
ผมจะได้เงินรอบกี่โมง
รอนานไหมกว่าเงินที่ถอนจะเข้า
รอบถอนมีกี่โมง
ถอนไปตอน 10 โมงจะได้เงินตอนไหน
แจ้งถอนแล้ว ได้ตอนไหน
ถอนแล้วค่ะ รอเงินเข้า
รอเงินเข้านานไหม
ถอนแล้วทำไมยังไม่โอน
ทำไมใช้เวลานานจัง ถอนแต่ละครั้ง
ถอนตอนเช้าได้เงินตอนไหน
ถอนชาดนี้ได้ชาติไหน
ทำไมนานจัง ถอนเงินนะคะ
ถอนแต่ละทีต้องมีปัญหา ช้าตลอด
ผมถอนเมื่อเย็น ผมได้เงินคืนนี้เลยไหมคับ หรือว่าเช้า
การเงินคุณทำไรอยู่ ช้ามาก
รอนานแล้ว ถอนเงินรอนานมาก
ผมทำการถอนยังไม่ได้เลยครับผม
นานนแท้ ทำรายการถอนเงินเสร็จยัง
วันนี้เเจ้งถอนนานหน่อยคร้าบ",How long for withdrawal?,
Fun88,TH,User,Payment/Withdrawal,รายการถอนถูกปฏิเสธ,1,รบกวนคุณตรวจสอบความถูกต้องของข้อมูลธนาคารที่ใช้ถอนเงินค่ะ,"แจ้งถอน ถูกปฏิเสธ
ทำไมถอนเงินแล้วถูกปฏิเสธคับ
ปฏิเสดการถอนผมทำไม
ถอนเงินไม่ได้ค่ะช่วยรบกวนดูให้หน่อยค่ะ
ถอนแล้วในระบบบอกไม่สำเรจ
ทำไมถอนตัง ไม่สักทีครับ
ขึ้นแฏิเสตตลอด
ขึ้นปฏิเสธตลอด หลายครั้งแล้ว
ฝาดดูการถอนเงินหน่อยครับ
ผมถอนเงินไม่ได้คับ ต้องทำอย่างไร",Withdrawal Rejected,
Fun88,TH,User,Payment/Withdrawal,รายการถอนอนุมัติแต่ไม่ได้รับเงิน,1,"รบกวนคุณติดต่อธนาคารเพื่อขอรายการเดินบัญชีย้อนหลัง เพื่อเป็นหลักฐานยืนยัน จากนั้นทำการติดต่อเจ้าหน้าฝ่ายบริการลูกค้า Fun88 ค่ะ
ข้อมูลเพิ่มเติม คลิก  
<intentlink>ตรวจสอบสถานะการถอนเงิน<intentlink>","ถอนแล้วไม่ได้
เช็คถอนหน่อย ไม่ได้เงิน
ไม่ได้เงินถอน
เมื่อไรได้
ถอนเงินยังไม่ได้
เงินไม่เข้าเลยจร้า
เช็คยอด
ถอนเมื่อคืนยังไมได้
เงินไม่เข้า
ตามเงินให้ที
เงินเมื่อไรเข้า
รายการอนุมัติแล้วแต่เงินไม่เข้า
เงินถอน ไม่เข้า
ไม่เห็นได้ยอด
สำเร็จแต่เงินไม่เข้า
ไม่เห็นได้เงินเลย
ตามถอนที
ยอดเงินไม่มีเข้ามา
ดูยอดถอนให้หน่อย
ดูยอดถอน เงินไม่เข้า
เงินไม่เข้า ถอน
ถอนไม่เข้า
เงินไม่เข้าบัญชี
ไม่ได้เงินแต่ขึ้นในระบบว่าถอนสำเร็จ
ตรวจสอบยอดถอนเงินค่ะ ยังไม่ได้เงิน
รายการถอนเงินสำเร็จแต่ไม่มีเงินเข้าบัญชีค่ะ
ขอถอนเงินแต่ยอดไม่เข้า
ตามให้หน่อยคับ เงินไม่เข้า
ขอถอนแล้วไม่ได้เงินเข้าบัญชี
รายการถอน ล่าสุด ถอนสำเร็จ แต่ เงินไม่เข้าบัญชี
แต่เงินยังม่เข้าในบันชี
ถอนเมือคืนแต่เงินไม่ดัยนะ
เงินยังไม่เข้าอีกครับ
ไม่มีตังเข้าเลย
เรื่องเงินถอน ไม่ได้ตัง
ถอนเงินแล้วยังไม่ได้เลย
ตามยอดที่ขอถอนไว้
ตามเรื่องถอนเงินหน่อยครับ
ถอนอนุมัติแล้วแต่ตังยังไม่เข้าครับ
ยอดในบันชี้ผมไมเข้า
เรื่องเงินไม่เข้าบัญชีในเวลาเว็ปที่สำเร้จ
คือถอนเงินจากบัญชีเกมส์เพื่อเข้าบัญชีธนาคาร ถึงตอนนี้เงินก็ยังไม่เข้าบัญชีธนาคารเลยค่ะ
มีปัญหาเรื่องโอนเงินเข้าบัญชีธนาคารอยู่คะ
ยอดไม่เข้า
ถอนยังไม่เข้านะครับ
ตามเรื่องถอนเงิน ยังไม่ได้เงินครับ
ถอนเงินไม่ได้
ตรวจสอบเสร้จยังคับเรื่องถอนเงิน 2 วันแล้วนะคับ
มาติดตามความคืบหน้าเรื่องที่ยอดเงินถอนสองรายการไม่เข้า
ถอนเงินไม่เข้า
เงินถอนออกแต่ไม่เข้าอะ
ยอดยังไม่เข้าบัญชีเลย
เงินไม่เข้าบัญชีคับ
ในรายการขึ้นว่าถอนเงินสำเร็จ แต่ไม่มีเงินเข้ามา
คือถอนตังไปแต่ตังยังไม่เข้าบัญชี
ยอดเงินไม่เข้า แต่เวปแจ้งว่าโอนแล้ว
คือผมถอนเงินเเล้วอะคับเเต่ในบัญชีธนาคารยังไม่เข้าเลย
ถอนเงินยังไม่เข้าครับ",Withdrawal Successful but haven't received money,
Fun88,TH,User,Payment/Withdrawal,การถอนมีปัญหา,1,"ก่อนทำการถอน รบกวนทำการยืนยันเบอร์โทรและอีเมลให้ครบถ้วนค่ะ
ข้อมูลเพิ่มเติม คลิก  
<intentlink>ยืนยันอีเมล<intentlink>
<intentlink>ยืนยันเบอร์โทรศัพท์<intentlink>","จะถอนแต่มันขึ้นให้ยืนยัน sms อิเมล ต้องทำไง
ผมถอนไม่ได้ ระบบแจ้งเตือน ทำไง
ยืนยันข้อมูลแล้ว แต่ถอนไม่ได้อยู๋ดี ขาดตรงไหน
ข้อมูลอะไรยังไม่ครบ จะถอนเนี่ย
ยังขาดข้อมูลส่วนไหนอีกถึงถอนได้
ต้องไปเพิ่มข้อมูลก่อนหรอคะ ถึงจะถอนเงินได้",Withdrawal Problem,
Fun88,TH,User,Payment/Withdrawal,เพิ่มวงเงินการถอน,1,"คุณสามารถถอนเงินได้สูงสุดที่ 500,000 ต่อวันหลังจากส่งเอกสารยืนยันตัวตนเรียบร้อยแล้วเท่านั้น
และไม่สามารถขอเพิ่มวงเงินได้เพิ่มเติมอีก
ข้อมูลเพิ่มเติม คลิก  
<intentlink>เอกสารยืนยันตัวตน<intentlink>
<intentlink>วิธีกรอกข้อมูลการถอน<intentlink>
<intentlink>ระยะเวลาการถอนเงิน<intentlink>
<intentlink>ตรวจสอบสถานะการถอนเงิน<intentlink>","ถอนเงินสุงสุดกี่บาทต่อวัน
วันนี้ผมถอนได้มากสุดเท่าไรคับ
ต้องการถอนยอดเยอะๆ ได้มากสุดเท่าไรตะ
กรณีถอนเยอะๆต้องเอาเอกสารไหม
ต้องส่งเอกสารอะไรไหม ถ้าถอนยอดเยอะๆ
เพิ่มวงเงินได้ไหม ต้องการถอนเยอะๆ
สมมุติเล่นได้เยอะ จำกัดยอดการถอนไหมคะ
วันหนึ่งถอนได้มากสุดกี่บาทคะ
อากถอนเงินยอดใหญ่ ต้องใช้เอกสารไรมั่ง",Withdrawal - Increase Day Limit,
Fun88,TH,User,Payment/Withdrawal,ไม่สามารถแจ้งถอนได้,1,"ก่อนทำการถอนเงิน คุณจะต้องมีการย้ายเงินไปไว้ที่บัญชีหลักก่อนทุกครั้ง จึงจะสามารถทำการถอนเงินออกจากยูสเซอร์เนมได้
ข้อมูลเพิ่มเติม คลิก  
<intentlink>โอนเงินอย่างไร<intentlink>
<intentlink>วิธีกรอกข้อมูลการถอน<intentlink>","เล่นแล้วถอนออกยังไง
มีเงินแต่ถอนไม่ได้ ติดอะไร
ต้องย้ายเงินก่อนหรอถึงจะถอนได้
ต้องย้ายเงินไปไว้ไหนถึงจะถอนได้
ไม่ได้ย้ายเงินออกมาไว้บัญชีหลัก ถอนได้ไหมอ่ะ
ไม่ย้ายเงินออกก็ถอนไม่ได้หรอคับ
ย้ายเงินเข้าบัญชีหลักแล้วแจ้งภอนได้เลยใช่ไหม",Withdrawal - Cannot Submit,
Fun88,TH,User,Payment/Withdrawal,เข้าหน้าการถอนไม่ได้,1,"แนะนำวิธีการแก้ไขปัญหาเบื้องต้นและเข้าทำรายการใหม่อีกครั้ง
<intentlink>ลบคุ๊กกี้<intentlink>
<intentlink>เปลี่ยนเบราเซอร์<intentlink>","เข้าหน้าการถอนไม่ได้เลย
ทำไมเข้าไปแจ้งถอนไม่ได้อะคะ
เข้าหน้าถอนไม่ได้เพราะอะไร
บล็อกไม่ให้ผมถอนหรอ ทำไมเข้าไม่ได้
จะแจ้งถอน เข้าหนา้ถอนไม่ได้",Cannot enter withdrawal page,
Fun88,TH,User,Payment/Withdrawal/Verification,เอกสารยืนยันตัวตน,1,"เนื่องจากคุณทำการถอนเงินเกิน 150000 บาท ภายในระยะเวลา 30 วัน คุณจะต้องส่งเอกสารเข้ามายืนยันค่ะ เอกสารมีดังนี้ 
 1. บัตรประชาชน,ใบขับขี่ หรือ พาสปอร์ต
 2. บิลค่าใช้จ่าย อายุไม่เกิน 3 เดือน (บิลจะต้องุงสุระบุชื่อและที่อยู่ของคุณ)
 หากคุณส่งเอกสารแล้วจะสามารถถอนเงินได้สูงสุด 500000 บาทต่อวันค่ะ","ผมถอนเงินเกิน150,000ต้องส่งเอกสารใช่ไหมคับ
ผมเข้ามาส่งเอกสารยืนยันตัวตนเพื่อขยายวงเงินคับ
พี่นางฟ้าบอกให้ผมเข้ามาส่งเอกสารคับ
ผมต้องส่งเอกสารอะไรบ้างคับผมถอนเกิน150,000แล้วคับ
",KYC,
Fun88,TH,User,Payment/Withdrawal/Verification,เอกสารยืนยันชื่อนามสกุล,1,"ชื่อของคุณที่ทำการถอนเงินไม่ตรงกับชื่อที่ใช้สมัครเข้ามาค่ะ
 รบกวนส่งเอกสารเข้ามายืนยันชื่อเพื่อการถอนเงินค่ะ
 1. บัตรประชาชน,ใบขับขี่ หรือ พาสปอร์ต
 2. หน้าแรกสมุดบัญชีธนาคารที่ต้องการทำการถอน
 3. สลิปหรือหลักฐานที่ใช้ยืนยันการฝากเงิน
 4. เอกสารเปลี่ยนชื่อ (ถ้ามี)","กรอกชื่อผิดตอนถอนไปอ่ะ
ตอนที่แจ้งถอน กรอกชื่อผิดอ่ะค่ะ ทำไง
แก้ไขข้อมูลตอนแจ้งถอนได้ไหมคะ 
ใส่ชื่อผิดอ่ะ ถอนไม่ได้ต้องทำไง
ต้องส่งเอกสารอะไรไหม ผมกรอกชื่อ นามสกุลผิด
ตอนถอนต้องเป็นชื่อเดียวกับที่ฝากใช่ไหมคับ ผมกรอกผิดทำไงได้บ้างคับ",Verify real name,
Fun88,TH,User,Payment/Withdrawal/Verification,เอกสารยืนยันชื่อ,1,"ชื่อของคุณที่ทำการถอนเงินไม่ตรงกับชื่อที่ใช้สมัครเข้ามาค่ะ
 รบกวนส่งเอกสารเข้ามายืนยันชื่อเพื่อการถอนเงินค่ะ
 1. บัตรประชาชน,ใบขับขี่ หรือ พาสปอร์ต","พอดีว่าผมพิมพ์ชื่อผิดไปตอนสมัครอะคับ
ตอนสมัครผมพิมพ์ชื่อพลาดไป1ตัวอะคับไม่รู้ว่าจะเป็นอะไรกับรายการถอนไหมคับ
ผมพิมพ์ชื่อผิดจะเป็นอะไรไหมคับ
",Correct name spelling,
Fun88,TH,User,Payment/Withdrawal/Verification,ถอนเงินไม่ได้ ถูกตรวจสอบ,1,"เนื่องจากรายการถอนของคุณ ยังไม่สามารถได้รับการอนุมัติได้ตอนนี้
รบกวนคุณติดต่อเข้ามาสอบถามอีกครั้งภายหลัง
ข้อมูลเพิ่มเติม คลิก  
<intentlink>รายการถอนยังอยู่ในระหว่างดำเนินการ<intentlink>
<intentlink>ตรวจสอบสถานะการถอนเงิน<intentlink>","ถอนยังไม่ได้อะครับ
ขอถอน ไม่ได้ค่ะ
ถอนเงินได้ยังครับ
เทินโอเวอครบยัง
จะถอนเงินได้เท่าไร
ยอดเทรินครบยัง จะถอนเงิน
ทำไมถอนตังไมได้คับ
ผมถอนเงินไม่ได้
รบกวนถอนให้หน่อยเถอะค่ะ
ถอนไม่ได้เลย
แจ้ง​การถอนทำรายการไม่ได้ค่ะ
ถอนเงินนานแล้วยังไม่เข้าเลยค้ะ
ปรับยอดการถอนช้าจังเลยค่ะ
ถอนเงิน ตรวจสอบเสร็จรึยังคัฟ
แจ้งถอนแล้วทำไมยอดเงินยังไม่เข้าค่ะ
มีข้อผิดพลาดตรงไหนครับ ถอนเงินไม่เข้า
สอบถามทำไมถอนเงินไม่ได้ครับ
ผมถอนเงินทำไมปฎิเสธ
เป็นไรถอนไม่ได้คับ
ดูให้หน่อยได้ไหม ทำไมถอนไม่ได้ครับ
ทำไหมถอนไม่ได้ครับ
ทำไมยังถอนตังไม่ได้อีกละ
ทำไมการถอนถูกปฏิเสธ
พอจะถอนดันมีปัญหา
รายการถอนถูกยกเลิก
ทำไมถอนเงินไม่ได้คะถูกปฏิเสธอีกแล้วค่ะ
คือตามเรื่องถอนเงินยุคับ
ปรับยอดถอนให้หน่อยค้าบ
ผมแจ้งถอนไปทำมัยยกเลิกรายการถอนออกคัพ
ต้องทำยอดเท่าไหร่จึงถอนได้
ทำไมแจ้งถอนเงินตัดเงินจากเกมแต่ยอดเงินไม่เข้า
อนเงินไม่ได้คับเช็คให้หน่อยว่าถอนได้หรือยังคับ
ผมทำรายการถอนไม่ได้เลยอะครับถูกปฏิเสธตลอด
สรุปยอดเงินไปไหนค่ะแจ้งถอนเงินไม่เข้า
ถอนเงินไม่ได้ครับ
ผมทำรายการถอนเงินไป ถูกปฏิเสธทุกรอบเลย
ยอดเท่าไรถึงถอนได้ครับ
ดูยอดถอนให้ด้วยครับ
สามารถถอนได้ยังค่ะ
ถอนเงินไม่ได้เกิดจากอะไรค่ะ
ถอนเงินไม่ได้พี่
ตรวจสอบรายการถอนให้หน่อยครับ
ถอนเงินจากเกมส์แต่เงินยังไม่เข้าบันชีเลยคะ
ยังไม่ให้ถอนอีกหรอ
สาเหตุอะไร ทำไม่ถอนออกไม่ได้
ถอนครับ
ถอนแล้วไม่ได้
ดูรายการถอนให้หน่อย",Withdrawal hold check,
Fun88,TH,User,Payment/Deposit,ยอดฝากไม่ปรับ,1,รบกวนรอการตรวจสอบและปรับยอดภายใน 15-30 นาทีตามคิวรายการ,"ยอดไม่ปรับ
ฝากเงินไม่ปรับ
รอนานแล้วทำไมยอดไม่ปรับ
ตรวจยอดฝากให้หน่อย
ผมฝากเงินไปคับรบกวนตรวจสอบให้หน่อยคับ
ผมกรอกข้อมูลถูกไหมคับตรวจสอบให้ผมทีคับ
",Deposit didn't receive,
Fun88,TH,User,Payment/Deposit,เช็คสถานะรายการฝาก,1,"คุณสามารถตรวจสอบประวัติการฝากเงินได้ดังนี้ 
1. ล็อกอินและเลือกแถบเมนูบนด้านข้างสัญลักษณ์ ""$ ธนาคาร"" เลือก ""ประวัติ"" 
2. เลือกวันที่ที่ต้องการค้นหา กด ""ตกลง"" ","ผมจะดูรายการฝากที่ผ่านมายังๆไงคับ
ผมจะเช็คว่ารายการปรับหรือยังตรงไหนครับ
ผมอยากดูประวัติการฝากของผมต้องกดตรงไหนครับ
รายการฝากทั้งหมดที่ผมเคยฝากดูตรงไหนเหรอครับ
",Check Deposit Status,
Fun88,TH,User,Payment/Deposit,ยกเลิกรายการฝาก,1,"รบกวนรอการตรวจสอบรายการฝากจากระบบก่อน หากทำรายการไม่ถูกต้องระบบจะทำการยกเลิกรายการอัตโนมัติค่ะ
ข้อมูลเพิ่มเติม คลิก
 <intentlink>ยอดฝากไม่ปรับ<intentlink>
 <intentlink>เช็คสถานะรายการฝาก<intentlink>","ยกเลิกรายการฝากให้ผมที
ผมกรอกเวลาผิด ยกเลิกให้หน่อย
ผมจะทำรายการฝากใหม่ กรอกวันที่ผิด ยกเลิกให้ที
รายการปรับช้ามาก ยกเลิกรายการให้หน่อย ผมจะทำรายการใหม่
ยกเลิกฝากกดตรงไหน
ผมอยากยกเลิกรายการฝาก ต้องกดตรงไหนคับ
",Cancel Deposit,
Fun88,TH,User,Payment/Deposit,ยกเลิกรายการฝาก Fast Baht,1,"ในส่วนนี้ไม่สามารถทำการยกเลิกรายการได้ หากยอดเงินหักจากบัญชีของคุณแล้ว แต่ยอดเงินไม่ปรับเข้าที่ยูสเซอร์ กรุณาติดต่อฝ่ายบริการลูกค้า Fun88
ข้อมูลเพิ่มเติม คลิก
 <intentlink>ฝากเงิน Fast Baht ไม่ได้<intentlink>","ผมฝากเงินไปยอดไม่ปรับ ยกเลิกรายการเลย
ฝากแบบ fast baht ไปตั้งนานแล้ว ยกเลิกเลย
ยกเลิกรายการ fast baht ได้ไหมครับ
บอกฝากเงินเข้าไปแบบฟาสบาท ยอดหักจากบัญชีผมแล้ว แบบนี้ยกเลิกได้ไหมคับพี่
ยกเลิกรายการฝากให้หน่อย ฝากเงิน  fast baht ครับ
",Cancel Online Deposits - In Pending status,
Fun88,TH,User,Payment/Deposit,ยกเลิกรายการฝากบัญชีภายในประเทศ,1,"รบกวนรอการตรวจสอบรายการฝากจากระบบก่อน หากทำรายการไม่ถูกต้องระบบจะทำการยกเลิกรายการอัตโนมัติค่ะ
ข้อมูลเพิ่มเติม คลิก
 <intentlink>ยอดฝากไม่ปรับ<intentlink>
 <intentlink>เช็คสถานะรายการฝาก<intentlink>","ยกเลิกรายการฝากให้ผมที
ผมกรอกเวลาผิด ยกเลิกให้หน่อย
ผมจะทำรายการฝากใหม่ กรอกวันที่ผิด ยกเลิกให้ที
รายการปรับช้ามาก ยกเลิกรายการให้หน่อย ผมจะทำรายการใหม่
ยกเลิกฝากกดตรงไหน
ผมอยากยกเลิกรายการฝาก ต้องกดตรงไหนคับ
",Cancel Local Bank Deposits,
Fun88,TH,User,Payment/Deposit,ฝากเงิน Fast Baht ไม่ได้,1,"แนะนำวิธีการแก้ไขปัญหาเบื้องต้นและเข้าทำรายการใหม่อีกครั้ง
<intentlink>ลบคุ๊กกี้<intentlink>
<intentlink>เปลี่ยนเบราเซอร์<intentlink>","ผมฝากเงินแบบfast bahtไม่ได้คับ
เข้าไปที่หน้าfast baht ไม่ได้เกิดอะไรขึ้น
เข้าไปที่น้าfast bahtแล้วขึ้นแบบนี้ทำไงได้บ้างคับ
หน้า fastbaht ปิดปรับปรุงหรอ ทำไมเข้าไปไมได้
ระบบfast bahtมีปัญหาหรือเปล่าคับ
ทำไมเข้าที่หน้า fast baht ไมได้
ผมจะฝากเงินแบบ fast baht  ทำไมเข้าไปไมได้
",Online Deposit Unable,
Fun88,TH,User,Payment/Deposit,ฝากเงินใช้เวลานานเท่าไหร่,1,"รายการฝากเงินจะมีการปรับให้คุณภายใน 15-30 นาทีค่ะ
ข้อมูลเพิ่มเติม คลิก
 <intentlink>ยอดฝากไม่ปรับ<intentlink>
 <intentlink>เช็คสถานะรายการฝาก<intentlink>","ปรกติฝากเงินนานไหมคับ
ฝากเงินใช้เวลาเท่าไหร่
ทำไมยอดไม่ปรับ 
ยอดฝากจะปรับเมื่อไหร่
ใช้เวลาเท่าไหร่กว่ายอดฝากจะปรับ
ยอดฝากไม่ปรับสักที จะใช้เวลาเท่าไหร่
ผมฝากเงินไปแล้วครับ ใช้เวลานานไหมครับกว่าจะเข้า
ทำรายการหน้าเว็บไซต์แล้ว ปรับเมื่อไหร่ 
ฝากเงินกี่นาที
ฝากเงินปรับนานไหม
",Deposit takes how long?,
Fun88,TH,User,Payment/Deposit,รายการฝากถูกปฏิเสธ,1,"รบกวนตรวจสอบความถูกต้องของข้อมูลการฝากเงินค่ะ จากนั้นทำรายการฝากเงินอีกครั้งค่ะ
ข้อมูลเพิ่มเติม คลิก
 <intentlink>ยอดฝากไม่ปรับ<intentlink>
 <intentlink>เช็คสถานะรายการฝาก<intentlink>","ทำไมรายการฝากไม่สำเร็จ
ผมทำรายการไปทำไมโดนปฏิเสธ
ผมทำอะไรผิดหรือเปล่า ทำไมรายการถึงโดนปฏิเสธ
ผมทำอะไรผิด ทำไมรายการฝากผมโดนปฏิเสธ
รายการฝากผมกรอกอะไรผิดไปช่วยตรวจสอบทีครับ รายการโดนปฏิเสธ
ฝากไปหลายรอบแล้วครับแต่โดนปฏิเสธตลอดเลย พี่ช่วยดูหน่อย
ฝากเงินไปแต่โดนปฏิเสธ ช่วยเช็คหน่อยครับ
",Deposit rejected,
Fun88,TH,User,Payment/Deposit,ยอดฝากขั้นต่ำและสูงสุด,1,"บัญชีภายในประเทศขั้นต่ำ 200 บาท และสูงสุดไม่เกิน 1,000,000 บาทต่อวัน
FastBaht ขั้นต่ำ 100 บาท และสูงสุดไม่เกิน 5,000,000 บาทต่อวัน","ฝากขั้นต่ำ
ผมจะฝากเงิน ขั้นต่ำเท่าไหร่ครับ
ฝากเงิน 100 บาทได้ไหม
ขั้นต่ำในการฝากเงินเท่าไหร่
อยากฝากเงิน ขั้นต่ำเท่าไรห่ครับ
ผมกำลังจะฝากเงิน ขั้นต่ำเท่าไหร่นะครับ
ผมอยากรู้ว่าปรกติแล้วฝากเงินได้สูงสุดเท่าไร
ฝากสูงสุดได้เท่าไหร่ครับ
",Deposit Limits,
Fun88,TH,User,Payment/Deposit,ทำรายการฝากทุกแบบไม่ได้,1,"รบกวนทำการตรวจสอบลิ้งการใช้งานอีกครั้ง และลองเข้าใช้งานที่  www.sport788.com
แนะนำวิธีการแก้ไขปัญหาเบื้องต้นและเข้าทำรายการใหม่อีกครั้ง
<intentlink>ลบคุ๊กกี้<intentlink>
<intentlink>เปลี่ยนเบราเซอร์<intentlink>","ผมเข้าหน้าฝากไมได้เลยครับ
หน้าฝากมีปัญหาหรือเปล่าครับ
ผมอยากฝากเงินแบเข้าไปทำรายการไมได้เลยครับ
ฝากเงินไมได้เลยครับ ผมจะเข้าหน้าฝากแต่ไม่มีอะไรขึ้นเลยครับ
หน้าฝากปิดปรับปรุงอยู่หรือเปล่าครับ
มีลิ้งอื้นในการฝากเงินไหมครับ ผมเข้าหน้าฝากแล้วไม่มีอะไรขึ้นมาเลยครับ
ขอลิ้งที่สามารถกดเข้าไปฝากเงินได้หน่อยครับ
ผมฝากงินรูปแบบไหนก็ไมได้เลยครับ 
หน้าจอการฝากไม่ขึ้นอะไรเลย เกิดอะไรขึ้นหรอครับ
","Tried all deposit methods, still fail",
Fun88,TH,User,Payment/Deposit,รูปแบบการฝากเงิน,1,"ทางเราจะมีรูปแบบการฝากอยู่ 4 แบบ ค่ะ : บัญชีภายในประเทศ , ฟาสบาท,ไลน์แองเจิ้ล และอีซี่เพย์ค่ะ
ข้อมูลเพิ่มเติม คลิก
<intentlink>การฝากแบบ Fast Baht<intentlink>
<intentlink>การฝากแบบอีซี่เพย์<intentlink>
<intentlink>การฝากแบบบัญชีภายในประเทศ<intentlink>
<intentlink>การฝากผ่านไลน์นางฟ้า<intentlink>","ฝากผ่านช่องทางไหนได้บ้าง
เว็บคุณมีรูปแบบการฝากเงินแบบไหนบ้างครับ
ผมสามารถฝากแบบไหนได้บ้างครับ
ฝากผ่านบัตรเงินสดได้ไหมครับ
ฝากผ่านทรูสอลเล็ตได้ไหมเอ่ย
ฝากเงินครับมีแบบไหนบ้างครับ
แนะนำรูปแบบการฝากเงินหน่อยครับ
นอกจากบัญชีภายในประเทศ มีการฝากเงินแบบไหนอีก
",Deposit Methods,
Fun88,TH,User,Payment/Deposit,เพิ่งวงเงินการฝากต่อวัน,1,"จากการตรวจสอบ เนื่องจากคุณมีการฝากเงินเข้ามาครบตามยอดที่กำหนด อย่างไรแล้ว รบกวนรอทำรายการเข้ามาใหม่หลังเวลา 00.00 น.
ข้อมูลเพิ่มเติม คลิก
<intentlink>ยอดฝากขั้นต่ำและสูงสุด<intentlink>
<intentlink>รูปแบบการฝากเงิน<intentlink>","ผมฝากเงินเกิน 1,000,000 อะคับ พอจะเพิ่มวงเงินให้ผมได้ไหมครับ
ผมขอขยายวงเงินการฝากได้ไหมครับ
ผมกะจะฝากเงินเกิน 1,000,000 บาท อะครับ ฝากได้ใช่ไหมครับ
ฝากสาสุดได้เท่าไหร่ครับ
",Increase Deposit Day Limit,
Fun88,TH,User,Payment/Deposit/Online,การฝากแบบ Fast Baht,1,"การฝากเงินรูปแบบ Fast Baht ขั้นต่ำ 100 บาทปรับยอดเงินรวดเร็วภายใน 5-10 นาที เพียงแค่คุณมีอินเตอร์เน็ตแบงค์กิ้งของธนาคาร กรุงไทย, ไทยพาณิชย์ หรือ กรุงศรีฯ สามารถทำรายการฝากผ่านหน้าเว็บไซต์ได้ทันที
ข้อมูลเพิ่มเติม คลิก
<intentlink>ขั้้นตอนการทำรายการฝาก Fast Baht<intentlink>","ฝากเงินแบบfast bahtคืออะไรคะ
ฝาก100บาทได้ไหมครับ
ตอนนี้ฝากบัญชีภายในประเทศปิดปรับปรุงมีการฝากแบบอื่นแนะนำไหมคับ
ฝากเงินแบบฟาสบาทนานไหมครับกว่ายอดจะปรับอะครับ
อยากฝากเงินแบบ fast baht 
มีช่องทางอื่นให้ฝากไหมครับ
",Fast baht method,
Fun88,TH,User,Payment/Deposit/Online,การฝากแบบอีซี่เพย์,1,"การฝากเงินรูปแบบอีซี่เพย์ขั้นต่ำ 200 บาทปรับยอดเงินรวดเร็วภายใน 5-10 นาที เพียงแค่คุณมีอินเตอร์เน็ตแบงค์กิ้งของธนาคาร กรุงไทย, ไทยพาณิชย์, กรุงศรีฯ, กรุงเทพ, กสิกรไทย หรือ ทหารไทย  สามารถทำรายการฝากผ่านหน้าเว็บไซต์ได้ทันที
ข้อมูลเพิ่มเติม คลิก
<intentlink>ขั้้นตอนการทำรายการฝากอีซี่เพย์<intentlink>","ฝากแบบอีซี่เพย์ยัง ไง        
อยากฝากแบบอีซี่เพย์แต่ฝากไม่เป็น        
ฝากเงินแบบอีซี่เพย์         
ขอฝากอีซี่เพย์เงินหน่อย        
ฝากแบบอีซี่เพย์ยากจัง        
ฝากเงินแบบอีซี่เพย์กดตรงไหน        
ฝากเงินอีซี่เพย์ให้หน่อย        
ขอวิธีการฝากเงินแบบอีซี่เพย์หน่อยครับ        
สอนผมฝากเงินแบบอีซี่เพย์หน่อย                
อยากฝากเงินใช้อีซี่เพย์        
กดฝากอี่ซี่เพย์ตรงไหน        
ฝากอีซี่เพย์กดยังไง        
ฝากแล้วแบบEasy Payทำไงต่อ        
แจ้งฝากอีซี่เพย์ยังไง        
โอนผ่านแบบอีซี่เพย์เงินแล้วทำไงต่อ        
ทำยังไงฝากเงินอีซี่เพย์แล้วแล้ว        
ขอขั้นตอนการฝากแบบอีซี่เพย์        
              
          ",Eziepay method,
Fun88,TH,User,Payment/Deposit/Online,ขั้้นตอนการทำรายการฝาก Fast Baht,1,"1.ล็อกอินและแถบเมนูบนด้านบนสัญลักษณ์ ""$ ธนาคาร"" เลือก "" ฝากเงิน""
2.เลือกแถบเมนู "" Fast Baht""  
3.กรอกจำนวนเงินฝากขั้นต่ำที่ 100 บาท 
4.เลือกที่ธนาคารของคุณที่ต้องการฝากและคลิกที่ หลังจากนั้นคลิก “ตกลง” 
5.จากนั้นระบบจะลิ้งไปหน้าธนาคารให้กรอกข้อมูลของธนาคารยูสเซอร์และพาสเวิร์ดจากธนาคาร หลังจากนั้นธนาคารจะส่งรหัสมาให้ยังมือถือที่ลงทะเบียน เมื่อทำรายการสำเร็จหน้าจอแสดงว่า Deposit Success ยอดเงินที่ทำการฝากสำเร็จจะถูกปรับยังบัญชี Fun88 ของคุณอัตโนมัติ","ฝากฟาสบาทยังไง
ฝากแบบฟาสบาทไม่เป็น
อยากฝากเงินแบบฟาสบาท
ขอฝากแบบฟาสบาทเงินหน่อย
ฝากfastbahtยากจัง
ฝากเงิน แบบฟาสบาทกดตรงไหน
ขอวิธีการฝากเงินfastbahtหน่อยครับ
สอนผมฝากฟาสบาทเงินหน่อย
อยากฝากเงินฟาสบาททำไง
กดฝากฟาสบาทตรงไหน
ฝากแบบฟาสบาทกดยังไง
ฝากแบบฟาสบาทแล้วทำไงต่อ
ฝากยังไงอยากฝากแบบฟาสบาท 
ฝากfast bahtทางไหน
ฝากเงินแบบฟาสบาทกดยังไง 
ขอขั้นตอนฝากแบบfast bahtครับ
",Fast baht step,
Fun88,TH,User,Payment/Deposit/Online,ขั้้นตอนการทำรายการฝากอีซี่เพย์,1,"1.ล็อกอินและแถบเมนูบนด้านบนสัญลักษณ์ ""$ ธนาคาร"" คลิก ""ฝากเงิน""
2.เลือกแถบเมนู""อีซีเพย์""
3.กรอกจำนวนเงินฝากขั้นต่ำที่ 200 บาทค่ะ 
4.เลือกที่ธนาคารของคุณที่ต้องการฝากและคลิกที่ หลังจากนั้นคลิก ""ตกลง""
5.หน้าธนาคารให้กรอกข้อมูลของธนาคารยูสเซอร์และพาสเวิร์ดจากธนาคาร หลังจากนั้นธนาคารจะส่งรหัสมาให้ยังมือถือที่ลงทะเบียน เมื่อทำรายการสำเร็จหน้าจอแสดงว่า Deposit Success ยอดเงินที่ทำการฝากสำเร็จจะถูกปรับยังบัญชี Fun88 ของคุณอัตโนมัติ","ฝากแบบอีซี่เพย์ยัง ไง        
อยากฝากแบบอีซี่เพย์แต่ฝากไม่เป็น        
ฝากเงินแบบอีซี่เพย์         
ขอฝากอีซี่เพย์เงินหน่อย        
ฝากแบบอีซี่เพย์ยากจัง        
ฝากเงินแบบอีซี่เพย์กดตรงไหน        
ฝากเงินอีซี่เพย์ให้หน่อย        
ขอวิธีการฝากเงินแบบอีซี่เพย์หน่อยครับ        
สอนผมฝากเงินแบบอีซี่เพย์หน่อย                
อยากฝากเงินใช้อีซี่เพย์        
กดฝากอี่ซี่เพย์ตรงไหน        
ฝากอีซี่เพย์กดยังไง        
ฝากแล้วแบบEasy Payทำไงต่อ        
แจ้งฝากอีซี่เพย์ยังไง        
โอนผ่านแบบอีซี่เพย์เงินแล้วทำไงต่อ        
ทำยังไงฝากเงินอีซี่เพย์แล้วแล้ว        
ขอขั้นตอนการฝากแบบอีซี่เพย์        
              
          ",Eziepay step,
Fun88,TH,User,Payment/Deposit/Online,Fast Baht /  อีซี่เพย์ ไม่ปรับยอด,1,"จากการตรวจสอบ รายการฝากเงินของคุณยังอยู่ในระหว่างดำเนินการ ต้องขออภัยในความล่าช้าค่ะ ทางเราจะเร่งดำเนินการให้เร็วที่สุดค่ะ
ข้อมูลเพิ่มเติม คลิก
<intentlink>ฝากเงินใช้เวลานานเท่าไหร่<intentlink>","ผมฝากผ่านฟาสบาทยอดไม่ปรับ
เช้คยอดให้หน่อยครับยอดไม่ปรับเลย 
ยอดผมฝากไปนานมากไม่ปรับ
เงินหักจากบัญชีแล้วไม่ปรับเลยเช็คด่วน 
ยอดฝากไม่ปรับเกินชั่วโมงแล้วครับ 
ไหนบอกฝากแบบฟาสบาทไม่เกิน10นาทีไง
ผมรอยอดฝากนานแล้วนะ
ไหนบอกจะแจ้งให้ผมทราบยอดฝากไม่เห็นปรับสักที",Missing Deposit,
Fun88,TH,User,Payment/Deposit/Localbank,การฝากแบบบัญชีภายในประเทศ,1,"หากคุณสะดวกการฝากเงินผ่านเอทีเอ็ม หรือ ตู้ฝากเงินสดทางเรามีช่องทางบัญชีภายในประเทศขั้นต่ำ 200 บาทไม่รวมค่าธรรมเนียมธนาคาร (หากมี) ทั้งนี้ค่าธรรมเนียมสามารถสอบถามกับทางธนาคารโดยตรงค่ะ งดใช้บัญชึคนอื่นในการฝากเงินค่ะ
ข้อมูลเพิ่มเติม คลิก
<intentlink>ขั้นตอนการฝากบัญชีภายในประเทศ<intentlink>","ฝากผ่่านตู้ ATM ได้ไหมคะ
มีแต่เอทีเอ็ม ฝากได้ใช่ไหม
ฝากผ่านตู้ฝากเงินสด ขั้นต่ำเท่าไร
ใช้บัญชีคนอื่นฝากแทนได้ป่าว
ใช้บัญชีเพื่อนฝากเข้าไปได้ไหมคับ
ฝากให้คนอื่นโอนเข้าให้ได้ไหมคะ
ฝากขั้นต่ำเท่าไร
ฝากเอทีเอ็มขันต่ำเท่าไร
ใช้บัตรเติมเงินฝากได้ป่ะ
ใช้บัตรทรูมันนี่ ได้ป่าวคะ
มีเงินทรูวอลเล็ท ใช้แทนเงินสดได้ป่ะ
ฝากตู้ เสียค่าธรรมเนียมเท่าไร
ไม่อยกเสียค่าธรรมเนียมทำไง
ใช้บัญชีแฟนฝากแทนได้ไหมคะ
ฝาก 200 หักค่าธรรมเนียมด้วยป่าว
แอ๊บมือถือฝากร้อยสุดเท่าไร",Local bank method,
Fun88,TH,User,Payment/Deposit/Localbank,ขั้นตอนการฝากบัญชีภายในประเทศ,1,"1. ล็อกอินและแถบเมนูบนด้านบนสัญลักษณ์ """"$ ธนาคาร"""" คลิก “ฝากเงิน” 
2. เลือกแถบเมนู “บัญชีภายในประเทศ” 
3. เลือกธนาคารที่ทำการฝากเงินเข้ามา หรือ กรอกหมายเลขบัญชีธนาคารของเรา (กรอกเฉพาะหมายเลข 6 ตัวท้าย) 
4. กรอกจำนวนเงินฝากขั้นต่ำที่ 200 บาท 
5. วันที่ฝากสามารถคลิกที่ปฏิทินเลือกวันที่ฝากเงิน 
6. เวลาที่ทำการฝาก(ในสลิป)นำเวลาที่ทำการฝากจริงดูจากสลิป
7. แนบใบนำฝากหรือหลักฐานการฝากที่คุณได้ทำการเซฟไฟล์ภาพไว้ โดยการคลิกที่ “Browse” 
8. บัญชีที่ต้องการใช้ เลือกบัญชีธนาคารของคุณ
9. กดตกลง
ข้อมูลเพิ่มเติม คลิก
<intentlink>ฝากเงินใช้เวลานานเท่าไหร่<intentlink>","ฝากผ่านตู้ยังไง
ฝากแบบบัญชีภายในประเทศไม่เป็น
อยากฝากเงินผ่านตู้เงินสดธนาคาร
ขอฝากเงินหน่อย
ฝากผ่านตู้เงินสดยากจัง
ฝากเงินแบบบัญชีภายในประเทศกดตรงไหน
ฝากเงินแนปสลิปให้หน่อย
ขอวิธีการฝากเงินหน่อยครับ
สอนผมฝากเงินหน่อย
ฝากผ่านตู้ยังไง
อยากฝากเงินบัญชีภายในประเทศ
กดฝากตรงไหนผ่านตู้
แนปสลิปยังไง
แนปสลิปให้หน่อย 
แจ้งฝากยังไง
อยากฝากผ่านตู้ทำไง
โอนเงินแบบบัญชีภายในประเทศแล้วทำไงต่อ
ทำยังไงฝากเงินแล้ว
ขอขั้นตอนฝากเงินบัญชีภายในประเทศ
ต้องแนปสลิปไหม
",Local bank step,
Fun88,TH,User,Payment/Deposit/Localbank,รายการฝากบัญชีภายในประเทศไม่ปรับ,1,"รบกวนทำการตรวจสอบข้อมูลที่ได้มีการกรอกเข้ามาอีกครั้ง และรอการปรับภายใน 15-30 นาทีค่ะ
ข้อมูลเพิ่มเติม คลิก
<intentlink>รูปแบบการฝากเงิน<intentlink>","ทำรายการใหม่แล้ว รออีกไหม
แก้ไขไปรอบนึงแล้ว ปรับให้ได้ยัง
พึ่งแก้ไขข้อมูลไปเมื่อกี้นี้ รอนานแค่ไหน
ทำรายการฝากไปใหม่แล้ว
ปรับให้ทันทีเลยไหม ทำรายการใหม่แล้ว
ปรับเงินให้หน่อย ทำรายการไปแล้วเมื่อกี้
ปรับเงินเข้าให้ที พึ่งทำไปใหม่",Localbank deposit fail,
Fun88,TH,User,Payment/Deposit/Localbank,รายการฝากบัญชีภายในประเทศเกิน 30 นาที,1,ขออภัยในความไม่สะดวกสำหรับการปรับยอดล่าช้า ทางเราจะเร่งดำเนินการปรับยอดให้เร็วที่สุด,"ฝากนานแล้วยังไม่ได้อีก
รอนานแล้วนะคะ เมื่อไรเงินจะเข้า
แจ้งฝากไปตั้งนานแล้ว เมือไรเงินจะเข้าอ่ะ
เมื่อไรจะปรับยอดสักที
เมื่อไรเงินจะเข้าที่บัญชีผมสักที
รอนานขนาดนี้ ผมต้องทำไงกับพวกคุณ
ฉันยังต้องรออีกนานไหมต้องรอเธออีกนานไหม
เมื่อไรจะได้เงิน
โอนไปตั้งนานละเมื่อไรจะเข้า
รอเงินปรับ
เมื่อไรจะปรับ
รอนานเกิน30นาทีแล้ว
รอฉันรอเธออยู่ 
เงินกูอยุ่ไหน ทำไมไม่เข้า",Localbank deposit exceeded 30 mins,
Fun88,TH,User,Payment/Deposit/Localbank,ฝากเงินเข้าบัญชีที่ปิดให้บริการ,1,"หากคุณทำรายการฝากเงินเข้ามายังหมายเลขบัญชีที่เว็บไซต์เราหยุดให้บริการแล้วเป็นครั้งแรกทางเรายินดีประสานงานขอความช่วยเหลือให้คุณ
 ขอความร่วมมือทำรายการแจ้งฝากเงินที่หน้าเว็บไซต์ โดยเข้าที่หัวข้อ """"ธนาคาร"""" เลือก """"ฝากเงิน"""" แล้วเลือกที่ไอคอน """"กรณีคุณไม่พบหมายเลขบัญชีที่ทำการฝาก""""
 จากนั้นกรอกข้อมูลตามลำดับและ กรอกเลข 6 ตัวท้ายของัญชีการฝาก เป็นเลข 000000 
 รบกวนตรวจสอบหมายเลขบัญชีก่อนทำรายการฝากเงินโดยสอบถามเจ้าหน้าที่ ที่ห้องช่วยเหลือสดได้ตลอด 24 ชั่วโมงค่ะ
ข้อมูลเพิ่มเติม คลิก
<intentlink>การฝากแบบบัญชีภายในประเทศ<intentlink>
<intentlink>ขั้นตอนการฝากบัญชีภายในประเทศ<intentlink>","ฝากเข้าบัญชีเก่า
บัญชีปิดแล้ว
ฝากไปแล้วบัญชีปิด
ทำไงฝากบัญชีปิด
ไม่พบบัญชีทำไง
บัญชีไม่อยู่หน้าเว็บแล้วทำไง
หาบัญชีไม่เจอ
บัญชีหน้าเว็บหาย
ปิดบัญชีทำไม 
ฝากไปแล้วบัญชีปิด
ลืมเช็คบัญชีปิดแล้วทำไง
ยอดไม่ปรับฝากบัญชีเก่า
ปรับยอดให้หน่อยฝากเข้าบัญชีเก่า
บัญชีปิดแล้วทำไมไม่บอก
จะให้ทำไงฝากเข้าไปแล้วปิดบัญชี
ยอดยังปรับได้อยู่ไหมบัญชีปิดแล้ว
",Old account,
Fun88,TH,User,Payment/Deposit/Localbank,ฝากเงินโดยใช่บัญชีบุคคลอื่น,1,จากการตรวจสอบ คุณมีการฝากเงินเข้ามาโดยการใช้บัญชีของบุคคลที่ 3 ตามเงื่อนไขของทางเว็บไซต์ จะไม่สามารถใช้บัญชีบุคคลที่ 3 ทำรายการฝากเข้ามาได้ค่ะ เพื่อความปลอดภัยของคุณ ขอความรวมมือทำการบันทึกบัญชีของบุคคลที่ 3 เข้ามา โดยการเข้าที่เมนูฝากเงิน>ข้อมูลธนาคาร และทำการบันทึกบัญชีใหม่ จากนั้นรบกวนคุณทำรายการเข้ามาใหม่อีกครั้ง,"ผมฝากผ่านบัญชีเพื่อนไปแล้วทำไง
ฝากไปแล้วไม่รู้ว่าฝากโดยการใช้บัญชีคนอื่นไมได้
ใช้บัญชีเพือนฝากยอดไม่ยอมปรับ
ทำไงยอดไม่ปรับใช้บัญชีพ่อ 
ผมใช้บัญชีแม่ฝากยอดไม่ยอมปรับครับ
ผมไม่รู้ว่าใช้บัญชีคนอื่นฝากไม่ได้ทำไงดีคับ
ผมฝากไปแล้วไม่รู้ว่าใช้บัญชีคนอื่นฝากไม่ได้ทำไง
ผมฝากไปแล้วปรับเงินให้ผมด้วยใช้บัญชีเพื่อนฝาก
ทำไมใช้บัญชีคนอื่นฝากไม่ได้ฝากไปแล้วให้ทำไง
",3rd party deposit,
Fun88,TH,User,Payment/Deposit/Localbank,ทำรายการฝากใหม่อีกครั้ง,1,"คุณได้ทำการกรอกข้อมูลการฝากไม่ถูกต้อง รบกวนทำรายการเข้ามาใหม่พร้อมกรอกข้อมูลให้ครบถ้วนตามสลิปการโอนเงิน
ข้อมูลเพิ่มเติม คลิก
<intentlink>ขั้นตอนการฝากบัญชีภายในประเทศ<intentlink>","ฝากเข้าไปทำไมยอดไม่ปรับเลย
ผมแจ้งเวลาผิดทำไงดีครับ
ทำไมยอดไม่ปรับสักทีช่วยดูหน่อยคับ 
ผมกรอกวันทีผิดหรือเปล่าครับ 
เช็คยอดฝากให้หน่อยครับผมกรอกรหัสบัญชีถูกหรือเปล่าครับ
ผมรอนานมากทำไมยอดไม่ปรับสักที
รายการฝากไม่สำเร็จอีกแล้วจะ ให้ผมทำไง
ฝากเงินไปตั้งนานแล้ว 
จะให้ผมทำรายการกี่ครั้ง
ผมแจ้งฝากหลายรอบแล้วทำไมไม่ปรับสักที
รอยอดฝากเกิน30นาทีแล้วนะ 
จะให่รออีกนานไหมฝากไปตั้งนานแล้ว 
ทำไมยอดฝากไม่ปรับ
ยอดฝากเมื่อไหร่จะปรับ
ผมทำรายการฝากไปครับช่วยตรวจสอบให่หน่อยได้ไหมครับ 
",Re-apply Transaction ,
Fun88,TH,User,Payment/Deposit/Localbank,ธนาคารปิดปรับปรุงระบบ,1,"ตอนนี้ธนาคารมีการปิดรับปรุงไม่สามารถทำรายการปรับยอดได้ อย่างไรแล้วรอธนาคารเปิดบริการอีกครั้ง ทำรายการเข้ามาใหม่นะคะ 
","ฝากเงินไม่เข้า
ทำไมไม่ปรับยอดสักที
ผมฝากเงินทำไมไม่ปรับ 
ปรับยอดด่วน 
ธนาคารปิดปรับปรุงแล้วเหรอ
ทำไงดียอดไม่ปรับเลย
",Bank Offline,
Fun88,TH,User,Payment/Deposit/Cashcard,การฝากแบบบัตรเงินสด,1,"ตอนนี้ทางเรายังไม่มีการให้บริการผ่านช่องทางบัตรเงินสดค่ะ รบกวนคุณทำรายการฝากเข้ามาแบบ บัญชีภายในประเทศ , อีซี่เพย์ , ฟาสบาท หรือ ไลน์แองเจิ้ล
ข้อมูลเพิ่มเติม คลิก
<intentlink>รูปแบบการฝากเงิน<intentlink>","ฝาก ผ่าน บัตร เงิน สด ทำ ไง
ผม ฝาก เงิน ผ่าน บัตร เงิน สด ได้ ไหม ครับ 
มี การ ฝาก แบบ บัตร เงิน สด ด้วย หรอ 
บัตร เงิน สด ฝาก ไง
อยาก ใช้ บัตร เงิน สด ทำ ไง คับ
",Cash card method,
Fun88,TH,User,Payment/Deposit/Others,ไลน์นางฟ้า,1,"ไลน์นางฟ้า เป็นอีกหนึ่งช่องทางบริการเพื่อความสะดวกและรวดเร็วในการแจ้งฝากเงินแบบบัญชีภายในประเทศค่ะ
 เพียงคุณแอดไลน์ID @funangel และทำรายการตามขั้นตอนผ่านระบบตอบรับอัตโนมัติ ได้เลยค่ะ","ฝากผ่านไลน์ยังไง
ฝากไม่เป็นฝากผ่านไลน์ได้ไหม
อยากฝากเงินผ่านไลน์
ขอฝากเงินผ่านไลน์หน่อย
ฝากยากจังฝากผ่านไลน์ได้ไหม 
ฝากเงินในไลน์กดตรงไหน
ฝากเงินในไลน์ให้หน่อย
ขอวิธีการฝากเงินผ่านไลน์หน่อยครับ
สอนผมฝากเงินในไลน์หน่อย
ฝากเงินช่องทางไหนได้บ้าง
อยากฝากเงินในไลน์
กดฝากในไลน์ตรงไหน
ฝากผ่านไลน์กดยังไง
ฝากในไลน์แล้วทำไงต่อ
แจ้งฝากยังไง
ฝากไลน์ทางไหน
โอนเงินแล้วแจ้งฝากในไลน์ต้องทำไงต่อ
แจ้งฝากผ่านไลน์ยังไงยังไงฝากเงินแล้ว
ขอขั้นตอนฝากผ่านไลน์แองเจิ้ล
ฝากไลน์ต้องแนปสลิปไหม",Line angel,
Fun88,TH,User,Bet,ยอดเดิมพันขั้นต่ำ,1,"ขั้นต่ำการเดิมพันแต่ละผู้ให้บริการจะไม่เท่ากันค่ะ กีฬาขั้นต่ำจะเริ่มต้นที่ 5 บาท คาสิโนเริ่มต้นที่ 20 บาท เกมส์สล็อตเริ่มต้นที่ 5 บาท ขึ้นอยู่กับแต่ละผู้ให้บริการค่ะ
ข้อมูลเพิ่มเติม คลิก
<intentlink>เดิมพันอย่างไร<intentlink>","เล่นขั้นต่ำเท่าไร
เดิมพันขั้นต่ำเท่าไร
ขั้นต่ำในการเดิมพันเท่าไร
เล่นขั้นต่ำเท่าไร
เล่นเริ่มที่เท่าไร
ขั้นต่ำเดิมพัน
เล่นขั้นต่ำ
จะเล่น ขั้นต่ำเท่าไร
การเดิมพันมีขั้นต่ำเท่าไรบ้างครับ
เล่นขั้นต่ำเท่าไรบ้างคับ",General Betting Limits,
Fun88,TH,User,Bet,เดิมพันอย่างไร,1,"วิธีการเดิมพันเกมส์กีฬา อ้างอิงจากลิ้ง https://www.sport788.com/th/help/วิธีพนันกีฬา/
วิธีการเดิมพันคาสิโนสด อ้างอิงจากลิ้ง https://www.sport788.com/th/help/วิธีเล่นคาสิโนสด/
วิธีการเดิมพันเกมส์ อ้างอิงจากลิ้ง https://www.sport788.com/th/help/วิธีเล่นสล็อต/
วิธีการเดิมพันหวย อ้างอิงจากลิ้ง https://www.sport788.com/th/help/วิธีเล่นหวย/
ข้อมูลเพิ่มเติม คลิก
<intentlink>ยอดเดิมพันขั้นต่ำ<intentlink>","เล่นยังไง
จะเล่นต้องทำไง
เดิมพันอย่างไรครับ
เริ่มเล่นได้ยังไงคับ
ต้องทำการไงบ้าง เล่นยังไง
จะเดิมพันเริ่มจากอะไรคับ 
เริ่มเล่นจากตรงไหนคับ
กีฬาเล่นยังไงคับ
ไพ่เล่นยังคับ
จะเล่น ต้องเข้าตรงไหน
จะเร่งต้องทำไง
บอลเล่นยังไง
เข้าเล่นยังไง
หวยเล่นยังไง
จะเล่นหวย
จะเล่นบอล
สล็อตเล่นยังไง
เล่นสล็อตยังไง
คาสิโนเล่นไง
บาคาร่าเล่นยังไง
",How to bet,
Fun88,TH,User,Bet,วิธีแก้ไขการเดิมพัน,1,"หากคุณทำการยืนยันการเดิมพันแล้วจะไม่สามารถแก้ไขการเดิมพันได้ค่ะ
ข้อมูลเพิ่มเติม คลิก
<intentlink>เดิมพันอย่างไร<intentlink>","เดิมพันผิดทำไง
ยกเลิกรายการได้มั้ยแทงผิด
กดบอลผิดยกเลิกยังไง
ยกเลิกบิลได้ไหมคับ
เล่นผิดไปยกเลิกได้มั้ย
ต้องการยกเลิกบิลทำไง
บอลยังไม่แข่งยกเลิกได้มั้ยคับ
คือผมเดิมพันผิด อยากยกเลิก
อยากแก้ไขบิล ได้มั้ยบิลที่เดิมพันไปแล้วยกเลิกได้มั้ยคับ
ยกเลิกบิลให้หน่อย
เล่นผิด ยกเลิกที
เล่นผิดยกเลิกให้หน่อย
สามารถยกเลิกการเดิมพันได้มั้ย
บิลยังไม่เริ่ม ยกเลิกได้มั้ยคับ
ยกเลิกบิลต้องทำไง
อยากยกเลิกบิล
แก้ไขบิลทำไง
ขอแก้ไขบิลได้มั้ย
บิลผิด ยกเลิกได้มั้ย",How to Undo Bet,
Fun88,TH,User,Bet,การเดิมพันยังไม่ปรับยอด,1,รายการเดิมพันของคุณอยู่ระหว่างการดำเนินการ อดใจรออีกสักครู่นะคะ,"ปรับ บิลให้หน่อย
บิลไม่อัพเดทครับ
ตามบิลนี้ให้ผมทีครับ
สอบถามเรื่องบิลหน่อยครับ ยังไม่ปรับ
รอบิลนานแล้ว
ปรับยอดบิลให้หน่อยครับ
เคลียบิลด้วยคับ
เคลียบิลที
บิลไม่ปรับ
อัพบิลหน่อย
รอบิลปรับนานแล้ว
เมื่อไรจะปรับบิล
พนันบอลไว้ เกมจบแล้วแต่เงินไม่เข้าครับ
จะเคลียบิลตอนไหน
บอลจบแล้วแต่ไม่ตัดบิล
บอลจบแล้ว เครดิตไม่ขึ้นให้ครับ
ผมแทงบอลเข้าแต่ม่ได้ตัง
ตรวจยอดบินนี้หน่อย
เล่นบอลชุดไปทำไมไม่ปรับยอดอะคับ
รบกวนอัปยอดเดิมพันให้หน่อยครับ
เกมบาสจบไปนานแล้ว แต่ยอดเงินไม่เข้า
ตรวจสอบบิลนี้ให้ทีครับ
ทำไมยอดเงินเคลียช้าจังครับ
บอลเเข่งจบตั้งนานแล้ว ทำไมไม่เคลียบิลสักทีครับ",Bet not yet settled,
Fun88,TH,User,Bet,การปรับยอดการเดิมพันมีปัญหา,1,"รอการดำเนินการจากทางผู้ให้ดำเนินการก่อนนะคะ หากรายการเดิมพันของคุณมีปัญหาทางเราจะรีบติดต่อกลับโดยเร็วที่สุด
ข้อมูลเพิ่มเติม คลิก
<intentlink>เดิมพันอย่างไร<intentlink>","ทำไมบิลไม่ปรับ
ยอดนี้ผมชนะทำไมไม่ปรับ
ผมรอนานแล้วบิลนี้ไม่ปรับสักที
เคลียร์บิลนี้ให้ทีคับ
บิลนี้ไม่ปรับสักทีดูให้หน่อย
ปรับยอดเร็วเกมส์นี้
ทำไมผมชนะแต่ไม่ปรับยอดให้ผม
",Bet settlement problem,
Fun88,TH,User,Bet,การเดิมพันปรับยอดแต่ไม่ได้รับเงิน,1,"รายการเดิมพันของคุณอยู่ระหว่างการตรวจสอบจากทางผู้ให้บริการ หากรายการเดิมพันของคุณมีปัญหาทางเราจะรีบติดต่อกลับโดยเร็วที่สุด
ข้อมูลเพิ่มเติม คลิก
<intentlink>เดิมพันอย่างไร<intentlink>","ทำไมยอดไม่ปรับวะ
บอลจบไปตั้งนานแล้ว ทำไมไม่ปรับเงิน
ทุ่เสียมึงปรับบิลเร็ว 
เคลียร์บิลนี้ให้ที
ทำไมบิลบอลไม่ปรับ
ปรับบิลบอล
รอให้ยอดบิลบอลปรับนานแล้ว ไม่ปรับสักที
ปรับบิลนี้ด่วนๆ
ผมเดิมพันไปตั้งนานแล้วทำไมยังไมได้เงินอีก
ผมเดิมพันไปเกมจบแล้วไม่ปรับ
ช่วยตรวจสอบรายการนี้หน่อยยอดไม่ปรับ
","Bet settled, but not yet payout",
Fun88,TH,User,Bet,ยอดเงินในบัญชีไม่ถูกต้อง,1,"กรุณาตรวจสอบยอดเงินในบัญชีของคุณก่อนเดิมพันทุกครั้ง
ข้อมูลเพิ่มเติม คลิก
<intentlink>เดิมพันอย่างไร<intentlink>","ยอดเงินผมหาย
เงินหาย
เงินผมหายไปได้ไง
ช่วยตรวจสอบที เงินผมหายคับ
เงินผมอยู่ดีๆก็หายไป
ทำไมยอดเงินไม่ครบ
ดูให้หน่อย เงินหายไป
เงินหายไปไหน
",Account Balance not correct,
Fun88,TH,User,Bet/Sportsbook,บิลชนะครึ่ง,1,"รายการการเดิมพันของคุณชนะครึ่ง หากเป็นบิลเดียว นำยอดเงินครึ่งหนึ่งของยอดเดิมพันคูณกับราคาเดิมพัน, บิลสเตป นำราคาเดิมพันของคู่ที่ชนะครึ่ง คูณ 1 ลบ 1 จากนั้นหารด้วย 2 จะเป็นราคาเดิมพันของคู่ที่ชนะครึ่ง","ทำไมผมได้เงินครึ่งเดียว
บิลนี้คิดเงินผิดหรือเปล่าคับ
ช่วยดูบิลนี้ให้หน่อยครับ ทำไมได้แค่นี้
ปรับเงินก็ผิด
บิลนี้คิดยังไง ทำไมได้แค่นี้
ตรวจสอบบิลนี้ให้หน่อยคับ
บิลบอลปรับผิดแน่นอน
ทำไมบิลนี้ปรับแค่นี้ 
โกง ปรับบิลอะไรแค่นี้
บิลนี้มันคิดยังไง
ช่วยคิดบิลนี้ให้ดูหน่อยคับ
",Half Won,
Fun88,TH,User,Bet/Sportsbook,บิลอีสปอร์ตยังไม่ปรับ,1,บิลการเดิมพันจะปรับยอดหลังจากมีการแข่งขันจบภายใน 30-60 นาทีค่ะ ยกเว้นในกรณีที่ยังไม่มีการประกาศผลอย่างเป็นทางการ บิลเดิมพันอาจมีการเลื่อนการคำนวนผลได้,"ทำไมบิลนี้ไม่ปรับสักที
ปรับบิลนี้ด่วน
ทำไมบิลบอลปรับช้าขนาดนี้
ผมรอนานแล้วปรับบิลนี้ด่วน
ปรับบิลบอล
ผมเดิมพันอีสปอร์บิลไม่ปรับ
เคลีบร์บิลให้ที
เคลียร์บิลด้วนเลย
บิลไม่ปรับ
บิลนี้ยกเลิกแล้วหรอทำไมไม่ปรับอีก
บิลปรับช้ามาก
ให้ผมรออีกนานแค่ไหนบิลุคงจะปรับ
",Sportsbook/Esports bet not yet settled,
Fun88,TH,User,Bet/Sportsbook,บิลอีสปอร์ตปรับแล้วแต่ไม่ได้รับเงิน,1,รายการเดิมพันของคุณอยู่ระหว่างการตรวจสอบจากทางผู้ให้บริการ หากรายการเดิมพันของคุณมีปัญหาทางเราจะรีบติดต่อกลับโดยเร็วที่สุด,"ทำไมที่หน้าเว็บขึ้นว่าปรับแล้ว 
บิลปรับไรเงินไม่เข้าเลย
บิลปรับแต่เงินไม่เข้าครับ
บิลนี้มีการปรับแล้วไม่ใช่หรอทำไมไม่มียอดเข้า
บอกว่าปรับแล้วไม่เห็นจะปรับตรงไหนเลย
เงินก็ไม่เข้า ทำไมขึ้นว่าบิลปรับแล้ว
","Sportsbook/Esports bet already settled, but no payout",
Fun88,TH,User,Bet/Sportsbook,การปรับบิลอีสปอร์ตมีปัญหา,1,รอการดำเนินการจากทางผู้ให้ดำเนินการก่อนนะคะ หากรายการเดิมพันของคุณมีปัญหาทางเราจะรีบติดต่อกลับโดยเร็วที่สุด,"ทำไมที่หน้าเว็บขึ้นว่าปรับแล้ว 
บิลปรับไรเงินไม่เข้าเลย
บิลปรับแต่เงินไม่เข้าครับ
บิลนี้มีการปรับแล้วไม่ใช่หรอทำไมไม่มียอดเข้า
บอกว่าปรับแล้วไม่เห็นจะปรับตรงไหนเลย
เงินก็ไม่เข้า ทำไมขึ้นว่าบิลปรับแล้ว
",Sportsbook/Esports settlement problem,
Fun88,TH,User,Bet/Sportsbook,ยอดเดิมพันขั้นต่ำและสูงสุดของกีฬา,1,"- เกมส์กีฬา ขั้นต่ำในการเดิมพันเริ่มต้นที่ 25 บาท สำหรับบิลเดี่ยวและเริ่มต้นที่ 10 บาทสำหรับบิลสเตป
- IM เกมส์กีฬา ขั้นต่ำในการเดิมพันเริ่มต้นที่ 30 บาท สำหรับบิลเดี่ยวและบิลสเตป
- Fun88 กีฬา ขั้นต่ำในการเดิมพันเริ่มต้นที่ 5 บาท สำหรับบิลเดี่ยวและบิลสเตป
สำหรับยอดเดิมพันสูงสุดนั้นจะคำนวนจากยอดรวมทั้งเกมส์การแข่งขันนั้นๆ สูงสุดไม่เกิน 200,000 บาททั้งนี้อาจจะมีการเปลี่ยนได้ตามข้อกำหนดและการพิจารณาของผู้จัดเกมส์
ข้อมูลเพิ่มเติม คลิก
<intentlink>เดิมพันอย่างไร<intentlink>","เดิมพันบอลขั้นต่ำเท่าไรคับ
แทงบาสขั้นต่ำเท่าไร
แทงกีฬาขั้นต่ำเท่าไร
ขั้นต่ำบอล
บอลขั้นต่ำ
แทงบอลขั้นต่ำเท่าไรคับ
แทงบอล10บาทได้ไหม
อยากแทงบอลเว็บคุณขั้นต่ำเท่าไหร่
",Sportsbook betting limits,
Fun88,TH,User,Bet/Sportsbook,เดิมพันกีฬาไม่ได้,1,"คุณจะต้องมียอดเงินที่บัญชีกีฬา กรุณาโอนเงินเข้าที่บัญชีกีฬาก่อนการเดิมพัน
ข้อมูลเพิ่มเติม คลิก
<intentlink>โอนเงินอย่างไร<intentlink>

แนะนำวิธีการแก้ไขปัญหาเบื้องต้นและเข้าทำรายการใหม่อีกครั้ง
<intentlink>ลบคุ๊กกี้<intentlink>
<intentlink>เปลี่ยนเบราเซอร์<intentlink>","ทำไมผมกดเดิมพันไมได้
ทำไมมันบอกว่ายอดเงินผมไม่พอ ผมเพิ่งเติมเงินนะ
กดแทงไมได้
แทงยังไง ทำไมแทงไมได้
ทำไมขึ้นว่าเงินไม่พอ
ระบบมีปัญหาหรอ ทำไมแทงบอลไมได้
ย้ายเงินยังไง ทำไมแทงไมได้
กดแล้วขึ้นว่าไม่ให้แทง เพราะอะไรง
",Sportsbook betting problems,
Fun88,TH,User,Bet/Sportsbook,ยอดเงินบัญชีกีฬาไม่ถูกต้อง,1,"กรุณาตรวจสอบยอดเงินในบัญชีของคุณก่อนเดิมพันทุกครั้ง
ข้อมูลเพิ่มเติม คลิก
<intentlink>เดิมพันอย่างไร<intentlink>","ทำไมผมกดเดิมพันไมได้
ทำไมมันบอกว่ายอดเงินผมไม่พอ ผมเพิ่งเติมเงินนะ
กดแทงไมได้
แทงยังไง ทำไมแทงไมได้
ทำไมขึ้นว่าเงินไม่พอ
ระบบมีปัญหาหรอ ทำไมแทงบอลไมได้
ย้ายเงินยังไง ทำไมแทงไมได้
กดแล้วขึ้นว่าไม่ให้แทง เพราะอะไรง
",Sportsbook balance not correct,
Fun88,TH,User,Bet/Sportsbook,ยอดเงินบัญชีกีฬาติดลบ,1,รบกวนรอการตรวจสอบจากทางผู้ให้บริการ หากมีการเปลี่ยนแปลง หรือ เหตุขัดข้อง ทางเราจะดำเนินการแจ้งข่าวสารให้ท่านทราบทางอีเมล ระหว่างนี้คุณสามารถเดิมพันในผู้ให้บริการอื่นๆก่อนได้,"ทำไมยอดเงินติดลบ
ผมเพิ่งเติมเงิน ทำไมยอดเงินติดลบ
ติดลบได้ไง
เงินผมหายไปไหน ทำไมติดลบ
ผมเข้ามาแล้วยอดมันติดลบได้ไง
เงินกุหายไปไหน ทำไมติดลบ
รีบแก้ไขเลยครับ ทำไมยอดเงินผมถึงติดลบครับ
ระบบเป็นอะไรหรือเปล่าครับ ทำไมยอดเงินผมติดลบ
",Sportsbook negative balance,
Fun88,TH,User,Bet/Sportsbook,เงื่อนไขและข้อตกลงการเดิมพัน,1,"คุณสามารถตรวจสอบได้จาก https://www.sport788.com/th/help/policy-rulesandregulations.htm
ข้อมูลเพิ่มเติม คลิก
<intentlink>เดิมพันอย่างไร<intentlink>","ผมอยากรู้ว่าเงื่อนไขการแทงบอลคือยังไง
เดิมพันที่กีฬามีเงื่อนไขอะไรบ้าง
เงื่อนไขการเดิมพันที่กีฬาเยอะไหม
กีฬาเดิมพันยากไหม แล้วมีเงื่อนไขอะไรที่ผมต้องรู้บ้าง
ผมอยากแทงบาส เงื่อนไขมันเป็นยังไง
",Sportsbook Games FAQ,
Fun88,TH,User,Bet/Sportsbook,ระบบแลกเงินสด,1,"ระบบแลกเงินสด คือ ระบบที่คุณสามารถทำการนำเงินสดจากบิลเดิมพันนั้นออกมาก่อนได้ในปริมาณ 0-100% จากยอดเดิมพัน
ระบบจะคำนวณและเสนอยอดเงินให้อัตโนมัติจากจำนวนเปอร์เซ็นต์และสถานการณ์ของการแข่งขันนั้นๆ
บิลเดิมพันจะสิ้นสุดลงเมื่อทำการแลกเงินสดครบ 100%","ยกเลิกการแทงให้หน่อย
ยกเลิกยังไงผลแทงบอลไป
แลกเงินสดอะไรนี้คืออะไรคับ
แลกเงินสดคือไร
ผมแทงปิดยกเลิได้ไหม
ผมไมได้อยากแทงอันนี้ยกเลิกให้หน่อย
cashoutคือไร
มันมีปุ่มคำว่า cashout คืออะไรคับ
ยกเลิกการแทงยังไง
",Sportsbook Cashout,
Fun88,TH,User,Bet/Sportsbook,เข้าหน้ากีฬาไม่ได้,1,"รบกวนตรวจสอบการเข้าใช้งาน และ สัญญาณอินเตอร์เน็ทของคุณก่อนและเข้าใช้งานใหม่อีกครั้ง
แนะนำวิธีการแก้ไขปัญหาเบื้องต้นและเข้าทำรายการใหม่อีกครั้ง
<intentlink>ลบคุ๊กกี้<intentlink>
<intentlink>เปลี่ยนเบราเซอร์<intentlink>","เข้าหน้ากีฬาไมได้
หน้ากีฬาเป็นอะไร
ผมเข้าไปแทงกีฬาไมได้
กีฬาปิดปรับปรุงหรอ ทำไมเข้าไมได้เลย
ผมเข้าทุกลิ้งแล้วทำยังยังเข้าไมได้
เข้าหนี้ฬายังไง
หน้ากีฬาไม่โหลด
ช่วยที เข้าหน้ากีฬาไมได้เลย
หน้ากีฬาเข้าทางไหน เข้าแล้วไม่ขึ้นอะไรเลย
",Cannot enter Sportsbook page,
Fun88,TH,User,Bet/Sportsbook,กติการการเดิมพันหมวดเกมส์จำลอง,1,"คุณสามารถตรวจสอบได้จาก https://www.sport788.com/th/help/policy-rulesandregulations.htm
ข้อมูลเพิ่มเติม คลิก
<intentlink>เดิมพันอย่างไร<intentlink>","เกมส์จำลองมีกติกายังไงบ้าง
เข้าเกมส์จำลองแล้วดูวิธีเล่นตรงไหน
ในเกมส์จำลองมีกติกาการแทงไหมคับ
จะแทงบอลเอนิเมชั่นแทงยังไง
มีกีฬาออนไลน์แบบด่วนๆไหม
มีกีฬาแบบด่วนๆไม่ต้องรอนานป่ะคะ
อยากแทงกีฬาที่ไ้ด้เงินไวไวอ่ะ",Virtual Sports Rules,
Fun88,TH,User,Bet/Sportsbook,หน้ากีฬาไม่มีให้เดิมพันบางคู่,1,"การเปิดให้เดิมพันในแต่ละคู่ จะขึ้นอยู่กับทางผู้ให้บริการว่าจะเปิดให้เดิมพันหรือไม่ค่ะ
ข้อมูลเพิ่มเติม คลิก
<intentlink>เดิมพันอย่างไร<intentlink>","คู่นี้ไม่มีให้แทงหรอคับ
เปิดให้แทงคู่นี้ไหมคับ
ผมจะแทง แต่ไม่มีให้เลือกเลยอ่ะ
กดเข้าไปแล้วไม่มีคู่ที่จะแทงเลย
บางคู่ก็ไม่มีให้แทงเลยอ่ะ เซง",Sportsbook bet not offered,
Fun88,TH,User,Bet/Sportsbook,System Parlay,1,"System Parlay ประกอบด้วย
1 ทริกซี่ : คือการเลือกเดิมพัน 3 คู่ คิดเป็นทั้งหมด 4 บิลเดิมพันโดยจับคู่ไม่ซ้ำกัน
2 แยงกี้ : คือการเลือกเดิมพัน 4 คู่ คิดเป็นทั้งหมด 11 บิลเดิมพันโดยจับคู่ไม่ซ้ำกัน
3 แคนนาเดี้ยน : คือการเลือกเดิมพัน 5 คู่ คิดเป็นทั้งหมด 26 บิลเดิมพันโดยจับคู่ไม่ซ้ำกัน","System Parlay คือการเดิมพันหรอคะ
ทริกซี่ แยงกี้ พวกนี้คือแทงยังไงจ่ายยังไงคะ
ทริกซี่ คือการแทงแบบไหนคับ
ทริกซี่ คิดเงินแบบไหนคับ
แยงกี้ คือการเดิมพับแบบไหนหรอคะ
แยงกี้ จะคิดเงินตอนวางเดิมพันยังไงอ่ะคะ
แคนนาเดี้ยนคืออะไรอ่ะ
แคนนาเดี้ยนมันคือการแทงแบบไหนหรอ",System Parlay,
Fun88,TH,User,Bet/Livedealer,เข้าหน้าคาสิโนสดไม่ได้ เออเร่อ,1,"รบกวนตรวจสอบการเข้าใช้งาน และ สัญญาณอินเตอร์เน็ทของคุณก่อนและเข้าใช้งานใหม่อีกครั้ง
แนะนำวิธีการแก้ไขปัญหาเบื้องต้นและเข้าทำรายการใหม่อีกครั้ง
<intentlink>ลบคุ๊กกี้<intentlink>
<intentlink>เปลี่ยนเบราเซอร์<intentlink>","หน้้าคาสิโนเป็นอะไรคับ เข้าไม่ได้
มีลิงค์ใหม่เข้าคาสิโนไหม
คาสิโนเออเร่อหรอคะ
มันกดเข้าไปในคาสิโนไม่ไอ้ะ
คาสิโนปิดปรับปรุงหรอคะ
หน้าคาสิโนเป็นไรอ่ะ กดเข้าไปเล่นไม่ได้","Cannot enter Live Dealer, or page hang",
Fun88,TH,User,Bet/Livedealer,คาสิโนสดปรับบิลการเดิมพันผิด,1,รอการดำเนินการจากทางผู้ให้ดำเนินการก่อนนะคะ หากรายการเดิมพันของคุณมีปัญหาทางเราจะรีบติดต่อกลับโดยเร็วที่สุด,"ยอดเงินผมหายไปไหนแล้ว
เงินในคาสิโนมีปัญหาอะไรป่าวคับ ทำไมมันไม่เห็น
ปรับบิลผิดป่ะคะ 
ปรับเงินให้ผิดหรือเปล่าทำไมยอดไม่ตรงเลย",Live Dealer bet settlement problem,
Fun88,TH,User,Bet/Livedealer,คาสิโนสดปรับบิลการเดิมพันแล้วแต่ไม่ได้รับเงิน,1,รายการเดิมพันของคุณอยู่ระหว่างการตรวจสอบจากทางผู้ให้บริการ หากรายการเดิมพันของคุณมีปัญหาทางเราจะรีบติดต่อกลับโดยเร็วที่สุด,"ตาที่แล้วชนะไม่เห็นได้เงินเลย
เงินที่ชนะตาเมื่อกี้อยุ่ไหน
เงินที่เดิมพันได้มาอยู่ไหน
เงินในคาสิโนหายอ่ะค่ะ
ยอดเงินไม่ครบอะค่ะ 
กดดูยอดเงินที่ได้ตรงไหนอ่ะ",Casino settled but no payment,
Fun88,TH,User,Bet/Livedealer,ยอดเงินในบัญชีคาสิโนออนไลน์ไม่ถูกต้อง,1,"กรุณาตรวจสอบยอดเงินในบัญชีของคุณก่อนเดิมพันทุกครั้ง
ข้อมูลเพิ่มเติม คลิก
<intentlink>เดิมพันอย่างไร<intentlink>","กดเดิมพันไม่ได้อ่ะ
ทำไมกดวางเงินไม่ได้
เติมเงินมาแล้ว แต่แทงไม่ได้คับทำไง
จำนวนเงินไม่ถูกต้องคืออะไรคะ",Live Dealer balance not correct,
Fun88,TH,User,Bet/Slot,เข้าเกมส์สล็อตไม่ได้ มีเกมส์เล่นค้าง,1,คุณยังมีเกมส์ที่ยังเดิมพันไม่สิ้นสุดค่ะ กรุณากลับเข้าเกมส์ที่เดิมพันล่าสุดเพื่อเข้าเดิมพันต่อค่ะ,"เล่นเกมอื่นไม่ได้อ่ะ
เข้าเล่นอีกเกมไม่ได้มันเด้งป้อบอัพมา
ทำไมเข้าเล่นเกมอื่นไม่ได้เลย",Cannot enter RNG game / unfinished game.,
Fun88,TH,User,Bet/Slot,เกมส์สล็อตปรับบิลการเดิมพันแล้วแต่ไม่ได้รับเงิน,1,รายการเดิมพันของคุณอยู่ระหว่างการตรวจสอบจากทางผู้ให้บริการ หากรายการเดิมพันของคุณมีปัญหาทางเราจะรีบติดต่อกลับโดยเร็วที่สุด,"รายการที่ปรับให้แล้ว แต่เงินไม่เห็นเข้ามาที่ผมเลย
สล็อตตาที่ผมได้ ไหนเงินที่ปรับให้อ่ะ
ยอดเงินที่ได้จากสล็อต อยู่ตรงไหนคะ
ไม่เห็นมียอดเงินที่คุณบอกเลย
เงินที่ชนะ อยู่ไหน
ยอกเงินที่ผมชนะ ไม่เห็นเลย
เงินหายสล็อตหายคับ",RNG Settled but no payment,
Fun88,TH,User,Bet/Slot,เกมส์สล็อตปรับบิลการเดิมพันมีปัญหา,1,รอการดำเนินการจากทางผู้ให้ดำเนินการก่อนนะคะ หากรายการเดิมพันของคุณมีปัญหาทางเราจะรีบติดต่อกลับโดยเร็วที่สุด,"รายการมันค้างแล้วเงินผมจะปรับไหมครับ
เกมที่ผมเล่นไป จะปรับเงินให้ไหมคับ
ปรับเงินเข้าบัญชีเกมเลยไหมคับ
หมุนแล้วไม่หยุดตามที่ผมกด ทำไงครับ
หมุนสล็อตแต่มันเหมือนมีปัญหาทำไงคับ
ผมไม่ได้หมุน แต่มันกินเงินไปทำไงคับ
เว็บมีปัญหาหรือเปล่าคะ สล็อตทำไมหมุนได้แต่ไม่ปรับเงินให้
ตาเมื่อกี้ได้เงิน แต่ไม่ปรับเข้าให้อ่ะ",RNG Settlement problems,
Fun88,TH,User,Bet/Slot,บัญชีเกมส์ยอดเงินไม่ถูกต้อง,1,"กรุณาตรวจสอบยอดเงินในบัญชีของคุณก่อนเดิมพันทุกครั้ง
ข้อมูลเพิ่มเติม คลิก
<intentlink>เดิมพันอย่างไร<intentlink>","ทำไมเข้าเล่นแล้วกดวางเดิมพันไม่ได้อ่ะ
กดวางเดิมพันไม่ได้
ทำไมผมเล่นเกมไม่ได้คับ
ต้องย้ายเงินเข้ามาที่บัญชีนี้ก่อนใช่ไหมพี่",RNG Balance Incorrect,
Fun88,TH,User,Bet/Slot/PT,บัญชี IM คาสิโน,1,หากคุณต้องการเดิมพันที่ IM คาสิโนแบบดาวน์โหลดติดตั้ง คุณจะต้องทำการตั้งรหัสผ่านใหม่สำหรับไว้เข้าใช้งานที่ IM คาสิโนโดยเฉพาะ และจะต้องไม่ซ้ำกับรหัสที่ใช้ล็อคอินเข้ายูสเซอร์เนม สามารถใช้งานได้ทั้งผ่านมือถือ หรือ คอมพิวเตอร์,"เข้าใช้งานที่ไอเอ็มคาสิโนต้องมีรหัสผ่านอีกหรอคะ
บัญชีไอเอ็มใช้รหัสผ่านเดียวกันกับตอนสมัครได้ไหม
บันชี imต้องตั้งค่ารหัสผ่านใหม่อีกไหมคับ
ตั้งค่ารหัสผ่านIM ยังไงอ่ะ",PT Slot Account,
Fun88,TH,User,Bet/Lottery,เปิดให้เดิมพันหวยเมื่อไหร่,1,"เปิดให้เดิมพันก่อนวันหวยออก 7 วันค่ะ
ข้อมูลเพิ่มเติม คลิก
<intentlink>ปิดให้เดิมพันหวยเมื่อไหร่<intentlink>
<intentlink>วิธีการเดิมพันหวย<intentlink>
<intentlink>ขั้นต่ำการเดิมพันหวย<intentlink>","แทงหวยได้ตอนไหน
เมื่อไรจะเปิดให้แทงหวย
เมื่อไรจะเปิดให้เดิมพันหวย
เปิดให้เดิมพันตอนกี่โมงคะ
หวยมีกำหนดวันขายไหมคะ
เริ่มขายตั้งแต่กี่โมงคะ
เริ่มให้แทงได้ตั้งแต่กี่วันก่อนหวยออก
เปิดให้เดิมพันหวยเมื่อไร
ก่อนหวยออกกี่วันถึงเปิดให้แทงได้
จะแทงหวน",When will open for thai lottery,
Fun88,TH,User,Bet/Lottery,ปิดให้เดิมพันหวยเมื่อไหร่,1,"ปิดให้เดิมพัน 30 นาที ก่อนหวยออกค่ะ
ข้อมูลเพิ่มเติม คลิก
<intentlink>วิธีการเดิมพันหวย<intentlink>","ปิดให้เดิมพันตอนไหน
ต้องเดิมพันก่อนกี่โมง
งดแทงหวยตอนกี่โมง
ปิดรับแทงตอนไหน
ปิดรับเลขตอนไหน
ก่อนหวยออกกี่นาที ที่จะไม่รับแทง
มีเวลาปิดรับแทงหวยไหม
กำหนดเวลาการเข้าเดิมพันหวยไหม
ไม่ให้แทงหวยหลังจากกี่โมงแล้ว",When will close for thai lottery,
Fun88,TH,User,Bet/Lottery,วิธีการเดิมพันหวย,1,"การเดิมพันหวย สมาชิกจะสามารถทำการเดิมพันได้ทั้งเวอร์ชั่นเดสก์ท็อป และมือถือ
1.เข้าสู่ระบบ จากนั้นเข้าที่ ""หวย""
2.เลือกประเภทที่ต้องการเดิมพัน
3.กรอกตัวเลขที่ต้องการเดิมพัน กรอกยอดเงินที่ต้องการเดิมพัน และ กด ""วางเดิมพัน""
ข้อมูลเพิ่มเติม คลิก
<intentlink>ขั้นต่ำการเดิมพันหวย<intentlink>","จะแทงหวยเข้ายังไง
ต้องการเดิมพันหวยค่ะ ทำอย่างไรคะ
อยากเล่นหวยค่ะเข้าตรงไหน
ขอวิธีเดิมพันหวยหน่อยค่ะ
เข้าหน้าหวยแล้วยังไงต่อ
แทงหวยยังไง
เล่นหวยผ่านมือถือได้ป่าว
เล่นหวย เข้าตรงไหนคับ เข้าผ่านมือถือคับ
เล่นหวยหน่อยค่ะ กดตรงไหน
เข้าไปเดิมพันหวยยังไง
กด ลงทะเบียนเลขหวยยังไง
บอกวิธีเข้าไปหน้าหวยหน่อยจ้ะ",How to bet lottery,
Fun88,TH,User,Bet/Lottery,ขั้นต่ำการเดิมพันหวย,1,"การเดิมหวยไทยเริ่มต้นที่ 5 บาท และเดิมพันสูงสุดได้ที่ 5,000 บาท และสูงสุดต่อการจับรางวัลนั้นๆ 10,000บาท
ข้อมูลเพิ่มเติม คลิก
<intentlink>วิธีการเดิมพันหวย<intentlink>","เล่นหวยขั้นต่ำกี่บาท
แทงหวยสูงสุดกี่บาท
หวย แทงได้มากสุดกี่บาท
จะเล่นหวย รับแทงขั้นต่ำกี่บาท ",Lottery Bet limit,
Fun88,TH,User,Bet/Lottery,ผลหวย,1,"คุณสามารถตรวจสอบผลรางวัลได้ที่เว็บไซต์ http://www.glo.or.th/ ในการออกรางวัลในแต่ละเดือน คือ วันที่ 1 และ วันที่ 16 ของทุกๆเดือน ตามลอตเตอรี่ไทย
ข้อมูลเพิ่มเติม คลิก
<intentlink>วิธีการเดิมพันหวย<intentlink>
<intentlink>ขั้นต่ำการเดิมพันหวย<intentlink>","ขอผลรางวัลหวยหน่อย
หวยออกอะไรบ้าง
ดูผลหวยให้หน่อย
เลขที่ออกคือเลขอะไร
ผลหวยที่แทงไปดูที่ไหนได้
ตรวจรางวัลเข้าไปดูที่ไหนได้บ้าง
ขอลิงค์ดูผลหวยหน่อย
มีลิ๊งดูผลหวยไหม ขอหน่อย",Lottery Result,
Fun88,TH,User,Promotion,ตรวจสอบยอดหมุนเวียนของโปรโมชั่น,1,"วิธีการคำนวณยอดหมุนเวียนจากโปรโมชั่น
ตัวอย่าง:
เงินฝาก: 1,000 บาท
โบนัส: 50% x 1,000 บาท = 500 บาท
ทำการหมุนเวียน: 20 เท่า
(เงินฝาก + โบนัส) x จำนวนการหมุนเวียน = ยอดเงินที่ต้องทำการหมุนเวียน
(1,000 บาท + 500 บาท) x 20 = 30,000 บาท","ต้องทำยอดหมุนเวียนอีกเท่าไหร่
ยอดหมุนเวียนครบยัง ตรวจสอบให้หน่อย
ยอดหมนุเวียนยังไม่ครบอีกเหรอ
ยอดหมุนเวียถึงไหนแล้ว
ผมต้องทำยอดหมุนเวียนอีกเท่าไรจึงจะได้รับโบนัส
โบนัสปลดล๊อคยัง ยอดหมุนเวียนครบแล้ว
ยอดหมุนเวียนเท่าไร
ตรวจยอดหมุนเวียน
ยอดหมุนเวียนที
โบนัสที่รับไป ยอดหมุนเวียนครบยัง
ตอนนี้ทำได้ถึงเท่าไหร่แล้ว ยอดหมุนเวียน
โบนัสจะปรับให้ยัง ยอดหมุนเวียนเท่าไรแล้ว",Turnover Checking,
Fun88,TH,User,Promotion,วิธีการสมัครโปรโมชั่น,1,คุณสามารถเข้าไปที่ www.sport788.com จากนั้นกดที่หัวข้อโปรโมชั่น เลือกโปรโมชั่นที่ต้องการรับ,"หน้าโปรโมชั่นอยู่ตรงไหน
โปรดมชั่นกดรับยังไงครับ
กดรับโบนัสตรงไหนครับ
โบนัสตัวนี้กดรับได้ที่ไหนครับ
ผมหาปุ่มกดรับไม่เจอครับ
ผมกดรับโบนัสไมได้ครับ
อยากได้โปรดมชั่นตัวนี้ ต้องกดรับที่ไหนครับ",How to apply promotion ,
Fun88,TH,User,Promotion,โบนัสช่วยเหลือ,1,คุณสามารถเข้้าไปกดรับได้ที่หน้าเว็บไซต์เงินโบนัสช่วยเหลือจะปรับเข้าสู่บัญชีเกมส์สล็อตภายใน 1 ชั่วโมง หลังจากการขอรับโบนัสสำเร็จ ซึ่งยอดเงินโบนัสในเกมส์สล็อต จะถูกล็อคในการโอนเงิน จนกระทั่งคุณได้ทำตามเงื่อนไขเพื่อปลดล็อคเงินโบนัส,"ขอรับโบนัสช่วยเหลือ                
เงินช่วยเหลือรับไง                
กดรับเงินช่วยเหลือ แล้ว ปรับตอนไหน                
มีโบนัสช่วยเหลือไหม  ",SOS Bonus,
Fun88,TH,User,Promotion,โปรแนะนำเพื่อน,1,"การแนะนำเพื่อนคุณต้องมีการกำหนดลิ้งค์ขึ้นมา วิธีการคือ เข้าที่เมนู แนะนำเพื่อนที่หน้าเว็บไซต์ ลงทะเบียนเพื่อรับทางอีเมล คุณได้ลิ้งค์ที่กำหนดมาแล้ว นำไปแนะนำเพื่อนนะคะ แจ้งเพื่อนให้คลิกสมัครผ่านลิ้งค์ของคุณ สามารถคลิกที่คำว่าสร้างบัญชีของฉัน เราจะพิจารณาโบนัสแนะนำก็ต่อเมื่อเพื่อนของคุณมีการฝากเงินเข้ามาเล่น ภายใน 30 วัน และทำยอดหมุนเวียนครบ 3 เท่า นับจากวันที่เพื่อนได้สมัครแล้วนะคะ
ข้อมูลเพิ่มเติม คลิก
<intentlink>วิธีการสมัครโปรโมชั่น<intentlink>","ผม แนะนำเป็นแล้ว ไม่เห็นได้เงินเลย                        
แนะนำเพื่อนต้องทำยังไง                        
ต้องทำยอดหมุนเวียนกี่เท่าถึงได้รับโบนัสแนะนำเพื่อน                        
เพื่อนต้องฝากเงินก่อนไหมถึงได้รับโบนัสแนะนำเพื่อน                        
แนะนำเพื่อนไปสี่คนแล้ว ยังไมได่รับเงินเลย                        
แนะนำเพื่อนยังไง                        
แนะนำเพื่อนต้องใช้ลิ้งไหม                        
ถ้าไมได้ใช้ลิ้ง ขอรับเงินแนะนำเพื่อนได้ไหม                        
เพื่อนตต้องฝากเงินภายในวันไหน                        
เพื่อนต้องฝากเงินก่อนไหม                         
ไม่ต้องฝากเงิน ขอรับโบนัสแนะนำเพื่อนได้ไหม  ",RAF Promo,
Fun88,TH,User,Promotions/Freebet,โปรโมชั่นสำหรับสมาชิกใหม่,1,"คุณต้องทำการยืนยันตัวตนก่อนนะคะ :
 
 ขั้นตอนการยืนยันตัวตนผ่าน SMS
 1. คลิกที่หัวข้อ อัพเดทประวัติ - SMS การยืนยันตัวตน 
 2. รหัสจะส่งไปที่โทรศัพท์ กรุณากรอกรหัสภายใน 5 นาที 
 3.เมื่อมีการยืนยันสำเร็จ เงินเดิมพันฟรี จะปรับให้คุณภายใน 3 วัน
ข้อมูลเพิ่มเติม คลิก
<intentlink>โปรโมชั่นสำหรับสมาชิกใหม่ - ฝากเงินครั้งแรก<intentlink>
<intentlink>โปรโมชั่นสำหรับสมาชิกใหม่ - โบนัสฝากเงินครั้งที่ 3<intentlink>","ยังไมได้รับเงินฟรีเลย
เงินฟรี
ขอเครดิตฟรี
เครดิตฟรี
ยืนยันแล้วไม่เห็นได้เงินฟรีเลย
ยืนยันแล้วไม่เห็นได้เงินฟรีเลย
ยืนยันแล้ว ขอเงินฟรี
เงินฟรีไม่ปรับ
เครดิตฟรีปรับเมื่อไรคับ
ไหนเครดิตฟรี
ยืนยันตั้งนานแล้วไม่เห็นได้เลย
ปรับเงินฟรีให้หน่อย
รับเงินฟรียังไงคะ
กดรับเงินฟรีตรงไหนคะ
ขอรับโปรโมชั่น สมาชิคใหม่หน่อยคับ
ขอรับโบนัสฟรีค่ะ
เห็นหน้าเว็บบอกยืนยันเบอร์กับเมล์แล้วจะได้รับเครดิตฟรี
ขอรับเครดิต300
ขอรับสิทธิสมาชิกใหม่คับ
สมาชิกเสร็จแล้วครับ เครดิทได้เมื่อไหร่ครับ
ยืนยันแล้ว แต่ โบนัสไม่ปรับ
สมัครสมาชิกใหม่แล้ว ขอรับเงินเดิมพันฟรี300 บาท
ยืนยันตัวแล้วค่ะ
โปรสมาชิกใหม่ค่ะ",Freebet - Welcome Freebet,
Fun88,TH,User,Promotions/Freebet,โปรโมชั่นสำหรับสมาชิกใหม่ - ฝากเงินครั้งแรก,1,"ทางเรามีโปรฝากยอดแรกแนะนำค่ะ
 ยอด 200 บาท รับเสื้อกีฬา 1 ตัว พร้อมหมุนสล๊อตฟรี 15 ครั้งคะ
 ยอด 300 บาท - 999 บาท ฟรี 100 บาท รับเสื้อกีฬา 1 ตัว พร้อมหมุนสล๊อตฟรี 15 ครั้งคะ
 ยอด 1000 บาท - 2999 บาท ฟรี 300 บาท รับเสื้อกีฬา 1 ตัว พร้อมหมุนสล๊อตฟรี 15 ครั้งคะ
 3,000 บาท ขึ้นไป ฟรี 500 บาทคะ รับเสื้อกีฬา 1 ตัว พร้อมหมุนสล๊อตฟรี 15 ครั้งคะ","ขอรับโปรฝากครั้งแรกคับ
ฝากครั้งแรก
ขอเสื้อ
อยากได้เสื้อ
ขอรับเสื้อ
ขอรับหมุนฟรีกับเสื้อ
ขอรับเงินเดิมพันฟรีกับเสื้อ
มีคนโทรมาบอกว่าได้รับเสื้อ
เสื้อรับยังไง
ฝากเงินเท่าไหร่ถึงได้รับเสื้อ
ต้องทำไงถึงได้เสื้อ",Freebie - First Deposit,
Fun88,TH,User,Promotions/Freebet,โปรโมชั่นสำหรับสมาชิกใหม่ - โบนัสฝากเงินครั้งที่ 3,1,หลังจากมีการฝากเงินเข้ามาครบ 3 ครั้ง (และครั้งที่ 3 ต้อง 500 บาทขึ้นไป) คุณจะได้รับเงินเพิ่มและจะมีการปรับให้คุณภายใน 24 ชม,"ฝากครั้งที่สามคับ
ผมฝากครบ3ครั้งแล้วครับขอรัมเงินเพิ่ม
ขอรับเงินฝากสามครั้ง
มีคนโทรมาบอกว่าฝาก 3 ครั้งได้รับเงินเพิ่ม
ทำไมไม่เห้นมีเงินเข้า ฝากครบ 3 ครั้งแล้ว
กดรับเงินฝากครบ 3 ครั้งตรงไหนครับ
ฝากครบแล้วนะคะ
ฝากแล้ว 3 ครั้ง ขอเงินเพิม
ฝากครั้งที่3",Freebie - Deposit 3rd time Bonus,
Fun88,TH,User,Promotions/Freebet,โปรโมชั่นวันเกิด - เงินเดิมพันฟรี,1,"คุณสามารถเข้าไปกดรับโบนัส 200 บาทได้ที่หน้าเว็บไซต์หลังจากที่มีการฝากเงินเข้ามา 
 เงินจะมีการปรับให้ภายใน วันจันทร์ก่อนเวลา 23.59 ค่ะ
ข้อมูลเพิ่มเติม คลิก
<intentlink>วิธีการสมัครโปรโมชั่น<intentlink>","ขอรับโบนัสวันเกิด
วันนี้วันเกิด ขอรับโบนัส
อยากได้โบนัสวันเกิด
ขอรับเงินฟรีวันเกิด
วันเกิดได้อะไรบ้าง
อยากได้เงินฟรี วันนี้วันเกิด
วันเกิดแจกอะไรบ้าง
มีโปรโมชั่นวันเกิดไหม
โบนัสวันเกิดรับไง
ต้องทำไงถึงได้รับโบนัสวันเกิด
วันเกิดมีอะไรให้ได้รับมั่ง
วันเกิดแล้ว อยากได้เงินฟรี
เงินฟรีวันเกิด เมื่อไรจะปรับสักที
รอนานแล้วนะ ขอรับโบนัสวันเกิด
โปรโมชั่นวันเกิดยังมีอยู่ไหมคะ
โบนัสวันเกิด ต้องทำไง
ฝากเงินแล้ว ขอรับโบนัสวันเกิด",Freebie - Credit Birthday Bonus 200THB,
Fun88,TH,User,Promotions/FreeSpin,โปรโมชั่นหมุนสล็อตฟรี,1,คุณสามารถได้รับหมุนฟรีจากการแลกแต้ม จากรายการคุณใหม่ ฝากเงินครั้งแรก และอีกหลายๆรายการ หากคุณต้องการเข้าไปหมุนฟรีตามรายการที่คุณได้รับ คุณสามาถรเข้าไปที่ www.sport788.com จากนั้นกดที่หัวข้อเกมส์ > และเข้าไปกดรับโปรโมชั่นได้เลยค่ะ,"รับหมุนฟรียังไง
อยากได้หมุนฟรี
หมุนฟรีรับยังไง
อยากหมุนฟรี
ไม่มีเงิน ขอรับหมุนฟรี
ผมมีหมุนฟรีเหลืออยู่บ้างไหม","Freespin Queries (how to earn Freespin, how to use)",
Fun88,TH,User,Promotions/FreeSpin,หมุนสล็อตฟรีจากการแลกแต้มรีวอร์ด,1,"หลังจากคุณใช้แต้มรีวอร์ดในการแลกหมุนสล็อตฟรีแล้ว ระบบจะมีการปรับหมุนฟรีให้ภายใน 24 ชั่วโมง
ตรวจสอบชื่อเกมส์ได้ที่ www.sport788.com > โปรโมชั่น > แต้มรีวอร์ดแลกหมุนสล็อตฟรี!","ผลแลกแต้มมา หมุนฟรีที่เกมส์ไหน
หมุนเกมไหน
ผมาสามารถหมุนฟรีที่เกมส์ไร
ปรับที่เกมส์ไร
ผมแลก 38 แต้มมา หมุนเกมส์ไร
ทำไมรากยารแลกหมุนฟรียังไม่ปรับ
ผลมรอนานแล้ว เมื่อไรจะได้หมุนฟรี
แลกแต้มไม่ปรับสักที
เมื่อไรจะได้หมุน",Freespin - Rewards FREESPINS,
Fun88,TH,User,Promotions/FreeSpin,หมุนสล็อตฟรีจากโปรโมชั่นโบนัสหมุนสล็อตฟรี 100 ครั้ง!,1,"คุณจะต้องมีการเดิมพันที่เกมส์สล็อตและทำยอดเงินหมุนเวียนให้ได้ขั้นต่ำที่ 35,000 บาท ในแต่ละสัปดาห์ เพื่อรับหมุนสล็อตฟรี
โดยหมุนฟรีจะปรับให้ทุกๆวันพุธของสัปดาห์ถัดไป ก่อนเวลา 16:00 น. (ตามเวลาเว็บไซต์) สำหรับท่านที่ผ่านเงื่อนไขของโปรโมชั่น
ข้อมูลเพิ่มเติม คลิก
<intentlink>วิธีการสมัครโปรโมชั่น<intentlink>","ทำยอดหมุนเวียนครบแล้ว หมุนฟรีที่เกมส์ไร
หมุนฟรีที่เกมส์ไรคะ
หมุนฟรี 100 ครั้ง เกมส์ไหน",Freespin - Slot Turnover King,
Fun88,TH,User,Promotion/Rebate,โปรโมชั่นเงินคืน,1,ยอดเงินคืนรายวัน จะมีการปรับเข้าสู่บัญชีคุณโดยอัตโนมัติภายในเวลา 19.00 ของทุกวันค่ะ,"เงินคืนต้องกดรับตรงไหน
เงินคืนยังไม่รับ
ทำไมไม่ได้รับเงินคืน
ขอเงินคืนหน่อย
ทำไมครั้งนี้ไมได้เงินคืน
เงินคืนต้องทำยังไง
อยากได้เงินคืน
เงินคืนไม่ปรับ
เงินคืนปรัยตอนไหน
เงินคืนปรับยัง
ทำไมปรับเงินคืนช้าจัง
เงินคืนต้องกดรับไหม
เงินคืนปรับอัตโนมัติเหรอ",Rebate,
Fun88,TH,User,Promotions/SignUp,โปรโมชั่นแรกเข้า,1,"โบนัสแรกเข้า วิธีการ: 
 1.คุณต้องมีการฝากเงินเข้ามาขั้นต่ำอยู่ที่ 500 บาท
 2.โอนเงินไปยังบัญชีที่คุณต้องการรับโปรโมชั่น
 3.กดรับโปรโมชั่นที่คุณต้องการ
 4. โบนัสจะล็อคชั่วคราว คุณจะได้รับโบนัสทันทีเมื่อคุณได้ทำการหมุนเวียนเงินตามที่กำหนด
ข้อมูลเพิ่มเติม คลิก
<intentlink>วิธีการสมัครโปรโมชั่น<intentlink>","ทำไมโบนัสยังที่ผมกดไปยังไม่เข้าครับ
""โบนัสโอนเข้าบัญชีเรียบร้อยแล้ว. 
แต่ไม่เหงคับ""
ถ้าจะรับโบนัสเงินเพิ่ม ฝากขั้นต่ำเท่าไหร่
รับโบนัสไป ต้องทำยอดหมุนเวียนเท่าไร
ทำไมเงินโบนัสไม่ปรับ",Sign Up Bonus,
Fun88,TH,User,Promotions/Reload,โปรโมชั่นเงินเพิ่ม,1,"โบนัสเงินเพิ่ม จะเป็นโบนัสที่คุณสามารถกดรับได้1ครั้งต่อเดือนนะคะครั้ง วิธีการ: 
 1.คุณต้องมีการฝากเงินเข้ามาขั้นต่ำอยู่ที่ 500 บาท
 2.โอนเงินไปยังบัญชีที่คุณต้องการรับโปรโมชั่น
 3.กดรับโปรโมชั่นที่คุณต้องการ
 4. โบนัสจะล็อคชั่วคราว คุณจะได้รับโบนัสทันทีเมื่อคุณได้ทำการหมุนเวียนเงินตามที่กำหนด
ข้อมูลเพิ่มเติม คลิก
<intentlink>วิธีการสมัครโปรโมชั่น<intentlink>","ทำไมโบนัสยังที่ผมกดไปยังไม่เข้าครับ
โบนัสโอนเข้าบัญชีเรียบร้อยแล้ว. 
แต่ไม่เห็นคับ
ถ้าจะรับโบนัสแรกเข้า ฝากขั้นต่ำเท่าไหร่
รับโบนัสไป ต้องทำยอดหมุนเวียนเท่าไร
ทำไมเงินบันสไม่ปรับ",Reload Bonus,
Fun88,TH,User,Promotions/Others,โปรโมชั่นอื่นๆ,1,"คุณสมารถเข้าไปดูโบนัสได้ที่หน้าโปรโมชั่นเลยนะคะ มีโบนัสให้คุณได้เลือกรับมากมายเลยค่ะ
ข้อมูลเพิ่มเติม คลิก
<intentlink>โบนัสช่วยเหลือ<intentlink>
<intentlink>โปรแนะนำเพื่อน<intentlink>
<intentlink>โปรโมชั่นสำหรับสมาชิกใหม่<intentlink>
<intentlink>โปรโมชั่นหมุนสล็อตฟรี<intentlink>
<intentlink>โปรโมชั่นเงินคืน<intentlink>
<intentlink>โปรโมชั่ั่นแรกเข้า<intentlink>
<intentlink>โปรโมชั่นเงินเพิ่ม<intentlink>","มีโปรโมชั่นอะไรบ้างครับ        
ผมสนใจจะรับโปรดมชั่น มีโปรโมชั่นตัวอื่นๆที่ไม่ต้องทำยอดหมุนเวียนไหมครับ        
ไม่มีเครดิตฟรีเลย มีอะไรแนะนำผมไหมครับ    ",Other Promotion,
Fun88,TH,User,Reward,ข้อมูลทั่วไปเกี่ยวกับรีวอร์ด,1,"แต้มรีวอร์ดสามารถสะสมและใช้แลกของรางวัลต่างๆจากทางเว็บไซต์ได้
รีวอร์ดมี ทั้งหมด 4 ระดับคือ เงิน ทอง แพลทตินัม และ เพชร(วีไอพี)
ข้อมูลเพิ่มเติม คลิก
<intentlink>วิธีการสะสมแต้มรีวอร์ด<intentlink>
<intentlink>วิธีการเป็นสมาชิก วีไอพี<intentlink>
<intentlink>วิธีการแลกของรางวัล<intentlink>","เมือไรจะได้เลื่อนระดับกับเขาสักที
ระดับรีวอร์ดนี่วัดกันยังไง
นับแต้มรีวอร์ดต้องกี่แต้มถึงเลื่อยระดับอ่ะ
ระดับเงินนี่เล็กสุดใช่ป่ะ
เมื่อไรผมจะไดเป็นวีไอพีสักที เล่นเยอะขนาดนี้
เลื่อนแต้มกูสักทีเหอะรีวอร์ดอ่ะ",General reward information,
Fun88,TH,User,Reward,วิธีการสะสมแต้มรีวอร์ด,1,"ทุกการเดิมพันที่ Fun88 จะถูกนับเป็นแต้มสะสม โดยมาจากยอดเงินหมุนเวียนของคุณจากกีฬา คาสิโน สล็อต และหวย ทุกๆยอด 500 บาท
ข้อมูลเพิ่มเติม คลิก
<intentlink>วิธีการแลกของรางวัล<intentlink>","แต้มรีวอดนับยังไง
ซื้อแต้มรีวอร์ดยังไงคับ
วิธีนับแต้มรีวอดนับยังไง
จะสะสมเอาแต้มรีวอดต้องทำไงอ่ะคะ",How to get reward point,
Fun88,TH,User,Reward,วิธีการแลกของรางวัล,1,"คุณสามารถแลกสิ้นค้าได้ตามขั้นตอนนี้
1.เข้าที่หน้ารีวอด จากนั้นเลือกสิ้นค้าที่คุณต้องการแลก
2.กดที่ ใส่รถเข็น ตรงสิ้นค้าที่ต้องการ จากนั้นไปที่ รถเข็นของฉัน เพื่อทำการแลกสิ้นค้า
3.กรอกรายละเอียดที่อยู่ที่ต้องการจัดส่งสิ้นค้า จากนั้นรอการจัดส่งสิ้นค้า (การจัดส่งจะใช้เวลาภายใน 60 วันทำการ)","จะแลกของรางวัลจากแต้มรีวอร์ด เข้าไปแลกตรงไหนคะ
อยากแลกของครับ เข้าตรงไหนคับ
วิธีการแลกของราวัล ทำไงคะ
วิธีการแลกของรางวัล เข้าไปแลกยังไงอ่ะ
ของรางวัลในหน้ารีวอดแลกได้จริงป่ะคับ
แลกของรางวันแล้ว ส่งภายในกี่วัน
แลกของรางวัลไปแล้ว จะได้รับภายในกี่วันอ่ะคะ",How to redeem,
Fun88,TH,User,Reward,วิธีการเป็นสมาชิกวีไอพี,1,สมาชิกระดับเพชร(วีไอพี) คือ สมาชิกที่ได้รับคำเชิญจากบริษัทเท่านั้น,"ผมอยากเป็นวีไอพี
จะเป็นวีไอพีได้อย่างไรคะ
ถ้าอยากเป็นVIPต้องมีเงื่อนไขอะไรบ้างคะ
อย่างผม เป็นวีไอพีได้บ้างป่ะคับ",How to become VIP,
Fun88,TH,User,Reward,สมาชิกสล็อตระดับพิเศษ,1,"คุณสามารถเป็นสมาชิกสล็อตระดับพิเศษได้ด้วยการเดิมพันที่เกมส์สล็อตพร้อมได้รับแต้มรีวอร์ดจากเกมส์สล็อตเท่านั้น 500 แต้มขึ้นไปภายใน 1 เดือน คุณจะได้รับการเลื่อนระดับอัตโนมัติพร้อมสิทธิพิเศษต่างๆมากมาย
<intentlink>วิธีการสะสมแต้มรีวอร์ด<intentlink>","ถ้าจะเป็นสมาชิกสล็อตระดับสิทธิพิเศษต้องทำไงอ่ะคะ
อยากได้สิทธิพิเศษของสล็อตต้องทำอย่างไรบ้างคะ
มีเงื่อนไขยังไบ้างถ้าผมจะเป็นสล็อตระดับสิทธิพิเศษ
",Slot Elite member,
Fun88,TH,User,Others,ช่องทางการติดต่อฝ่ายพันธมิตร,1,คุณสามารถติดต่อฝ่ายดูแลพันธมิตรของเราได้ที่ https://www.sport788.com/lm/?lng=TH,"พอดีเป็นพันธมิตรอ่ะค่ะ
ผมเป็นพันธมิตรคับ
พันธมิตรได้อะไรบ้างอ่ะคะ
เป็นสมาชิกจะเป็นพันธมิตรได้ไหมคะ",Affiliate contact method,
Fun88,TH,User,Others,ประเทศที่ไม่รองรับบริการ,1,ขอขอบพระคุณสมาชิกที่ท่านให้ความสนใจเว็บไซต์ Fun88 แต่เนื่องจากทางเราตรวจสอบพบการเข้าใช้งานของท่านอยู่ในพื้นที่ซึ่งทางเราไม่ได้รับอนุญาติให้บริการ  กรุณาติดต่อทางเราใหม่อีกครั้งในพื้นที่ที่ให้บริการของ Fun88 ขออภัยในความไม่สะดวกค่ะ,"อัฟกานิสถาน
บอสเนีย
เดนมาร์ก
ฝรั่งเศส
เยอรมัน
สกอตแลนด์
เวลส์
ไอร์แลนด์เหนือ
อังกฤษ
ฮ่องกง
อิรัก
ไอร์แลนด์
อิหร่าน
อิสราเอล
อิตาลี
ลาว
มาเลเซีย
พม่า
เนเธอร์แลนด์
เกาหลีเหนือ
ปาปัวนิวกินี
ฟิลิปปินส์
สิงคโปร์
สวิสเซอร์แลนด์
ซีเรีย
ไต้หวัน
ตุรกี
อเมริกา
ยูกันดา
วานูอาตู
เยเมน",Unqualified Country,
Fun88,TH,User,Others,บลิสเกมส์,1,"เอ็นเตอร์เทนเม้นท์ จากทางเว็บไซต์ พร้อมเกมส์เพื่อให้ร่วมสนุกพร้อมลุ้นรับของรางวัลมากมาย
เว็บไซต์จะมีการอัพเดทข้อมูลข่าวสารต่างๆที่เป็นที่นิยมกันในปัจจุบัน","บลิส คืออะไรคะ
หน้า บลิส มีไว้ทำไมหรอคะ
บลิสเกมส์เข้ามาแล้วมีไรให้อ่ะ
บลิส หน้านี้มีอ่านดวงรายวันป่ะ
เข้าหน้า บลิส มันชอบบอกว่าปิดปรับปรุง
ยังเข้าไปลุ้นรางวัลในหน้าบลิสเกมส์ได้ปะ",What is Bliss game ?,
Fun88,TH,User,Others,Fun88 แบรนด์แอมบาสเดอร์,1,"Fun88 แบรนด์แอมบาสเดอร์ คือ ร็อบบี้ ฟาวเล่อร์ และ สตีฟ แนช
ข้อมูลเพิ่มเติม คลิก
<intentlink>เว็บไซต์<intentlink>","แบรนด์แอมบาสเดอร์ของเว็บฟัน คือใครคะ
มีแอมบาสเด้อไหมอ่ะเว็บนี้
ร็อบบี้ ฟาวเล่อร์กับ สตีฟ แนชเป็นอะไรกับFun88อ่ะ",Who is Fun88 ambassador ?,
Fun88,TH,User,Others,ผู้สนับสนุนหลัก,1,"เว็บไซต์เราเป็นผู้สนับสนุนหลักอย่างเป็นทางการของสโมสร นิวคาสเซิ่ล ยูไนเต็ด และหุ้นส่วนอย่างเป็นทางการกับ สโมสร ท็อตแน่ม ฮ็อทสเปอร์
ข้อมูลเพิ่มเติม คลิก
<intentlink>เว็บไซต์<intentlink>","มีผู้สนับสนุนไหมคับ
ใครสนับสนุนเว็บคุณเนี่ย
นิวคาสเซิ่ลสนับสนุนพวกคุณหรอ
เว็บของคุณคุณสนับสนุนทีมอะไรอ่ะ
ฮ็อทสเปอร์ได้รับอะไรจากคุณบ้างคับ
สนับสนุนทีมอะไรบ้างคับเว็บนี้
ขอบคุณผู้สนับสนุนหลักอย่างเป็นทางการ
เว็บนี้สนับสนุนฮ้อตสเปอไหมอ่ะ",Sponsor,
Fun88,TH,User,Others,ลบคุ๊กกี้,1,"1. ที่หน้าเบาเซอร์กดปุ่ม Ctrl + Shift + Delete บนคีย์บอร์ดคอมพิวเตอร์ 3 ปุ่มพร้อมกัน
2. จะมีหน้าต่างที่เกี่ยวกับล้างประวัติการท่องเว็บให้ติ๊กเครื่องหมายถูกทั้งหมด จากนั้นคลิก ล้างข้อมูลการท่องเว็บ
วิธีการนี้จะสามารถใช้ได้ทุกเบาเซอร์ไม่ว่าจะเป็น Internet Explorer, Firefox, Google Chrome","คุ๊กกี้
คุกกี้
คุ๊กกี้คืออะไร
ลบคุ๊กกี้ทำไง
ลบคุ๊กกี้ทำยังไง
ล้างประวัติการท่องเว็บ
ลบประวัติกาารท่องเว็บ
เคลียร์แคช
เคลียร์คุ๊กกี้",Delete Cookie,
Fun88,TH,User,Others,เปลี่ยนเบราเซอร์,1,"เบราเซอร์มีหลากหลายโปรแกรม เช่น Internet Explorer, Firefox, Google Chrome, Opera และ Microsoft Edge เป็นต้น
คุณสามารถโหลดและเข้าใช้งานเว็บไซต์ต่างๆได้จากทุกเบราเซอร์ที่แนะนำ","เบ้าเซ้อคืออะไร
เบราเซอร์คืออะไรคับ
เปลี่ยนเบราเซอร์คือยังไงหรอคะ
ตรงไหนคือเบร้าเซออ่ะ",Change Browser,